,title,type,director,cast,country,release_year,date_added,rating,genre
0,Stripes,Movie,Ivan Reitman,"Bill Murray, Harold Ramis, Warren Oates, P.J. Soles, Sean Young, John Candy, John Larroquette, John Voldstad, John Diehl, Lance LeGault, Judge Reinhold",United States,1981,"September 1, 2019",R,"Classic Movies, Comedies, Cult Movies"
1,All About Nina,Movie,Eva Vives,"Mary Elizabeth Winstead, Common, Kate del Castillo, Chace Crawford, Jay Mohr, Beau Bridges, Clea DuVall, Melonie Diaz, Camryn Manheim, Mindy Sterling, Angelique Cabral, Nicole Byer, Todd Louiso, Elizabeth Masucci, Sonoya Mizuno, Charlotte Newhouse, Victor Rasuk, Andree Vermeulen",United States,2018,"March 18, 2019",R,"Comedies, Dramas, Independent Movies"
2,The Boy Who Harnessed the Wind,Movie,Chiwetel Ejiofor,"Maxwell Simba, Chiwetel Ejiofor, Aïssa Maïga, Lily Banda, Lemogang Tsipa, Philbert Falakeza, Joseph Marcell, Noma Dumezweni","United Kingdom, Malawi",2019,"March 1, 2019",TV-14,"Children & Family Movies, Dramas, Independent Movies"
3,The Autopsy of Jane Doe,Movie,André Øvredal,"Emile Hirsch, Brian Cox, Ophelia Lovibond, Michael McElhatton, Parker Sawyers, Jane Perry, Olwen Catherine Kelly","United Kingdom, United States",2016,"December 30, 2018",R,"Horror Movies, Independent Movies, Thrillers"
4,Junebug,Movie,Phil Morrison,"Amy Adams, Embeth Davidtz, Ben McKenzie, Alessandro Nivola, Frank Hoyt Taylor, Celia Weston, Scott Wilson, Jill Wagner, Victoria Jackson, Chuck Russell, Jerry Minor, Matt Besser",United States,2005,"March 1, 2019",R,"Comedies, Dramas, Independent Movies"
5,Okja,Movie,Bong Joon Ho,"Tilda Swinton, Jake Gyllenhaal, An Seo Hyun, Paul Dano, Steven Yeun, Byun Heebong, Lily Collins, Yoon Je Moon, Shirley Henderson, Daniel Henshall, Devon Bostick, Woo Shik Choi, Giancarlo Esposito","South Korea, United States",2017,"June 28, 2017",TV-MA,"Action & Adventure, Comedies, Dramas"
6,The Naked Gun: From the Files of Police Squad!,Movie,David Zucker,"Leslie Nielsen, Priscilla Presley, Ricardo Montalban, George Kennedy, O.J. Simpson, Susan Beaubian, Nancy Marchand, Raye Birk",United States,1988,"January 1, 2020",PG-13,"Comedies, Cult Movies"
7,First They Killed My Father,Movie,Angelina Jolie,"Sreymoch Sareum, Kompheak Phoeung, Socheata Sveng, Dara Heng, Sothea Khoun, Sreyneang Oun, Kimhak Mun, Chenda Run, Nika Sarun, Nita Sarun","Cambodia, United States",2017,"September 15, 2017",TV-MA,Dramas
8,Mountain,Movie,Jennifer Peedom,,Australia,2017,"October 1, 2018",PG,"Action & Adventure, Documentaries, International Movies"
9,Chasing Amy,Movie,Kevin Smith,"Ben Affleck, Joey Lauren Adams, Jason Lee, Dwight Ewell, Jason Mewes, Kevin Smith",United States,1997,"January 1, 2020",R,"Comedies, Cult Movies, Dramas"
10,The Matrix,Movie,"Lilly Wachowski, Lana Wachowski","Keanu Reeves, Laurence Fishburne, Carrie-Anne Moss, Hugo Weaving, Gloria Foster, Joe Pantoliano, Marcus Chong, Julian Arahanga, Matt Doran, Belinda McClory",United States,1999,"November 1, 2019",R,"Action & Adventure, Sci-Fi & Fantasy"
11,American Beauty,Movie,Sam Mendes,"Kevin Spacey, Annette Bening, Thora Birch, Wes Bentley, Mena Suvari, Chris Cooper, Peter Gallagher, Allison Janney, Scott Bakula, Sam Robards",United States,1999,"January 1, 2020",R,Dramas
12,Blue Valentine,Movie,Derek Cianfrance,"Ryan Gosling, Michelle Williams, Faith Wladyka, John Doman, Mike Vogel, Ben Shenkman, Jen Jones, Maryann Plunkett, Marshall Johnson, James Benatti, Barbara Troy, Carey Westbrook, Enid Graham",United States,2010,"July 5, 2018",R,"Dramas, Independent Movies, Romantic Movies"
13,Inception,Movie,Christopher Nolan,"Leonardo DiCaprio, Joseph Gordon-Levitt, Ellen Page, Tom Hardy, Ken Watanabe, Dileep Rao, Cillian Murphy, Tom Berenger, Marion Cotillard, Pete Postlethwaite, Michael Caine, Lukas Haas","United States, United Kingdom",2010,"January 1, 2020",PG-13,"Action & Adventure, Sci-Fi & Fantasy, Thrillers"
14,Winter on Fire: Ukraine's Fight for Freedom,Movie,Evgeny Afineevsky,,"United Kingdom, Ukraine, United States",2015,"October 9, 2015",NR,"Documentaries, International Movies"
15,Burning Sands,Movie,Gerard McMurray,"Trevor Jackson, Alfre Woodard, Trevante Rhodes, Steve Harris, DeRon Horton, Rotimi, Serayah, Tosin Cole, Malik Bazille, Octavius J. Johnson, Davyon St. Usaire, Mitchell Edwards, Nafessa Williams, Christian Robinson, Imani Hakim, Raquel Bianca John",United States,2017,"March 10, 2017",TV-MA,"Dramas, Independent Movies"
16,Get Me Roger Stone,Movie,"Dylan Bank, Daniel DiMauro, Morgan Pehme",Roger Stone,United States,2017,"May 12, 2017",TV-MA,Documentaries
17,Emelie,Movie,Michael Thelin,"Sarah Bolger, Joshua Rush, Carly Adams, Thomas Bair, Susan Pourfar, Chris Beetem",United States,2016,"August 2, 2018",TV-MA,"Horror Movies, Thrillers"
18,Tremors,Movie,Ron Underwood,"Kevin Bacon, Fred Ward, Finn Carter, Michael Gross, Reba McEntire, Robert Jayne, Charlotte Stewart, Tony Genaro, Ariana Richards, Richard Marcus, Victor Wong, Bibi Besch",United States,1990,"January 1, 2020",PG-13,"Comedies, Cult Movies, Horror Movies"
19,The Great Hack,Movie,"Karim Amer, Jehane Noujaim",,United States,2019,"July 24, 2019",TV-MA,Documentaries
20,Phantom Boy,Movie,"Jean-Loup Felicioli, Alain Gagnol","Marcus D'Angelo, Vincent D'Onofrio, Fred Armisen, Jared Padalecki, Joey Camen, Brian T. Delaney, Melissa Disney, Bill Lobley, Amanda Céline Miller, Dana Snyder, Stephanie Sheh","France, Belgium",2015,"October 1, 2017",PG,"Action & Adventure, Dramas, International Movies"
21,The Incredible Jessica James,Movie,Jim Strouse,"Jessica Williams, Chris O'Dowd, Lakeith Stanfield, Noël Wells, Taliyah Whitaker, Zabryna Guevara, Sarah Jones, Will Stephen, Susan Heyward, Megan Ketch",United States,2017,"July 28, 2017",TV-MA,"Comedies, Independent Movies, Romantic Movies"
22,Indiana Jones and the Last Crusade,Movie,Steven Spielberg,"Harrison Ford, Sean Connery, Denholm Elliott, Alison Doody, John Rhys-Davies, Julian Glover, River Phoenix, Michael Byrne, Kevork Malikyan, Robert Eddison",United States,1989,"January 1, 2019",PG-13,"Action & Adventure, Children & Family Movies, Classic Movies"
23,Cargo,Movie,"Yolanda Ramke, Ben Howling","Martin Freeman, Anthony Hayes, Susie Porter, Kris McQuade, Caren Pistorius","Australia, United Arab Emirates",2018,"May 18, 2018",TV-MA,"Horror Movies, International Movies"
24,Morris from America,Movie,Chad Hartigan,"Markees Christmas, Craig Robinson, Lina Keller, Carla Juri, Jakub Gierszal, Levin Henning, Eva Loebau","Germany, United States",2016,"November 1, 2018",R,"Dramas, Independent Movies, International Movies"
25,The Invitation,Movie,Karyn Kusama,"Logan Marshall-Green, Emayatzy Corinealdi, Aiden Lovekamp, Michelle Krusiec, Mike Doyle, Jordi Vilasuso, Jay Larson, Marieh Delfino, Tammy Blanchard, Michiel Huisman, Lindsay Burdge, John Carroll Lynch",United States,2015,"July 8, 2016",NR,"Horror Movies, Independent Movies, Thrillers"
26,Christine,Movie,Antonio Campos,"Rebecca Hall, Michael C. Hall, Tracy Letts, Maria Dizzia, J. Smith-Cameron, Timothy Simons, Kim Shaw, John Cullum, Morgan Spector, Jayson Warner Smith","United Kingdom, United States",2016,"May 16, 2017",R,"Dramas, Independent Movies"
27,Mystic River,Movie,Clint Eastwood,"Sean Penn, Tim Robbins, Kevin Bacon, Laurence Fishburne, Marcia Gay Harden, Laura Linney, Kevin Chapman, Tom Guiry, Emmy Rossum, Spencer Treat Clark","United States, Australia",2003,"September 1, 2019",R,"Dramas, Thrillers"
28,The Lobster,Movie,Yorgos Lanthimos,"Colin Farrell, Jessica Barden, Rachel Weisz, Olivia Colman, Ashley Jensen, Ariane Labed, Aggeliki Papoulia, John C. Reilly, Léa Seydoux, Michael Smiley, Ben Whishaw","Ireland, United Kingdom, Greece, France, Netherlands",2015,"December 2, 2018",R,"Comedies, International Movies, Romantic Movies"
29,Ant-Man and the Wasp,Movie,Peyton Reed,"Paul Rudd, Evangeline Lilly, Michael Douglas, Michael Peña, Hannah John-Kamen, Laurence Fishburne, Michelle Pfeiffer, Walton Goggins, T.I., Judy Greer, Bobby Cannavale, David Dastmalchian, Abby Ryder Fortson, Randall Park",United States,2018,"January 29, 2019",PG-13,"Action & Adventure, Comedies, Sci-Fi & Fantasy"
30,Creep,Movie,Patrick Brice,"Mark Duplass, Patrick Brice",United States,2014,"July 14, 2015",R,"Horror Movies, Independent Movies, Thrillers"
31,Joan Didion: The Center Will Not Hold,Movie,Griffin Dunne,Joan Didion,United States,2017,"October 27, 2017",TV-14,Documentaries
32,"What Happened, Miss Simone?",Movie,Liz Garbus,,United States,2015,"June 26, 2015",NR,"Documentaries, Music & Musicals"
33,The Breaker Upperers,Movie,"Jackie van Beek, Madeleine Sami","Madeleine Sami, Jackie van Beek, James Rolleston, Celia Pacquola, Ana Scotney, Rima Te Wiata, Carl Bland, Brett O'Gorman, Cohen Holloway, Jemaine Clement",New Zealand,2018,"February 15, 2019",TV-MA,"Comedies, Independent Movies, International Movies"
34,Super Dark Times,Movie,Kevin Phillips,"Owen Campbell, Charlie Tahan, Elizabeth Cappuccino, Max Talisman, Amy Hargreaves, Sawyer Barth, Adea Lennox, Ethan Botwick",United States,2017,"January 1, 2018",TV-MA,"Dramas, Independent Movies, Thrillers"
35,Always Be My Maybe,Movie,Nahnatchka Khan,"Ali Wong, Randall Park, James Saito, Michelle Buteau, Vivian Bang, Keanu Reeves, Susan Park, Daniel Dae Kim, Karan Soni, Charlyne Yi",United States,2019,"May 31, 2019",PG-13,"Comedies, Romantic Movies"
36,Tarzan,Movie,"Chris Buck, Kevin Lima","Tony Goldwyn, Minnie Driver, Glenn Close, Brian Blessed, Nigel Hawthorne, Rosie O'Donnell, Lance Henriksen, Wayne Knight, Alex D. Linz",United States,1999,"June 23, 2018",G,Children & Family Movies
37,Bolt,Movie,"Byron Howard, Chris Williams","John Travolta, Miley Cyrus, Susie Essman, Mark Walton, Malcolm McDowell, James Lipton, Greg Germann, Diedrich Bader, Nick Swardson, J.P. Manoux, Dan Fogelman, Kari Wahlgren, Chloë Grace Moretz, Randy Savage, Ronn Moss, John DiMaggio, Daran Norris, Jeff Bennett, Brian Stepanek, Todd Cummings",United States,2008,"July 22, 2018",PG,"Children & Family Movies, Comedies"
38,The Two Popes,Movie,Fernando Meirelles,"Anthony Hopkins, Jonathan Pryce, Juan Minujín","United Kingdom, Italy, Argentina, United States",2019,"December 20, 2019",PG-13,Dramas
39,20th Century Women,Movie,Mike Mills,"Annette Bening, Elle Fanning, Greta Gerwig, Lucas Jade Zumann, Billy Crudup",United States,2016,"June 28, 2019",R,"Dramas, Independent Movies"
40,A Most Violent Year,Movie,J.C. Chandor,"Oscar Isaac, Jessica Chastain, David Oyelowo, Albert Brooks, Elyes Gabel, Catalina Sandino Moreno, Christopher Abbott, Peter Gerety, Alessandro Nivola","United Arab Emirates, United States",2014,"July 22, 2018",R,"Dramas, Thrillers"
41,Inglourious Basterds,Movie,Quentin Tarantino,"Brad Pitt, Mélanie Laurent, Christoph Waltz, Eli Roth, Michael Fassbender, Diane Kruger, Daniel Brühl, Til Schweiger, Gedeon Burkhard, Jacky Ido, B.J. Novak, Sylvester Groth, Martin Wuttke","Germany, United States",2009,"July 22, 2019",R,Action & Adventure
42,Blue Jay,Movie,Alex Lehmann,"Sarah Paulson, Mark Duplass, Clu Gulager",United States,2016,"December 6, 2016",TV-MA,"Dramas, Independent Movies, Romantic Movies"
43,Our Souls at Night,Movie,Ritesh Batra,"Robert Redford, Jane Fonda, Bruce Dern, Matthias Schoenaerts, Iain Armitage, Judy Greer, Phyllis Somerville",United States,2017,"September 29, 2017",TV-14,"Dramas, Romantic Movies"
44,Paddleton,Movie,Alex Lehmann,"Mark Duplass, Ray Romano",United States,2019,"February 22, 2019",TV-MA,"Comedies, Dramas, Independent Movies"
45,La Bamba,Movie,Luis Valdez,"Lou Diamond Phillips, Esai Morales, Rosanna DeSoto, Elizabeth Peña, Danielle von Zerneck, Joe Pantoliano, Rick Dees, Marshall Crenshaw, Howard Huntsberry, Brian Setzer",United States,1987,"January 1, 2020",PG-13,"Classic Movies, Dramas, Music & Musicals"
46,Walking Out,Movie,"Alex Smith, Andrew J. Smith","Matt Bomer, Josh Wiggins, Bill Pullman, Alex Neustaedter, Lily Gladstone",United States,2017,"October 1, 2019",PG-13,"Dramas, Independent Movies, Thrillers"
47,What's Eating Gilbert Grape,Movie,Lasse Hallström,"Johnny Depp, Leonardo DiCaprio, Juliette Lewis, Mary Steenburgen, Darlene Cates, Laura Harrington, Mary Kate Schellhardt, Kevin Tighe, John C. Reilly, Crispin Glover",United States,1993,"November 20, 2019",PG-13,"Classic Movies, Dramas, Independent Movies"
48,I Am Mother,Movie,Grant Sputore,"Clara Rugaard, Rose Byrne, Hilary Swank, Luke Hawker",Australia,2019,"June 7, 2019",TV-14,"International Movies, Sci-Fi & Fantasy, Thrillers"
49,Obvious Child,Movie,Gillian Robespierre,"Jenny Slate, Jake Lacy, Gaby Hoffmann, Gabe Liedman, Polly Draper, Richard Kind, David Cross, Paul Briganti, Stephen Singer, Cindy Cheung, Jennifer Kim, Cyrus McQueen, Emily Tremaine, Ernest Mingione",United States,2014,"July 19, 2018",R,"Comedies, Dramas, Independent Movies"
50,Clouds of Sils Maria,Movie,Olivier Assayas,"Juliette Binoche, Kristen Stewart, Chloë Grace Moretz, Lars Eidinger, Johnny Flynn, Angela Winkler, Hanns Zischler, Brady Corbet","France, Germany, Switzerland",2014,"February 12, 2017",R,"Dramas, International Movies"
51,Moon,Movie,Duncan Jones,"Sam Rockwell, Kevin Spacey, Dominique McElligott, Rosie Shaw, Adrienne Shaw, Kaya Scodelario, Benedict Wong, Matt Berry, Malcolm Stewart, Robin Chalk","United Kingdom, United States",2009,"January 1, 2020",R,"Dramas, Independent Movies, Sci-Fi & Fantasy"
52,A Serious Man,Movie,"Ethan Coen, Joel Coen","Michael Stuhlbarg, Richard Kind, Fred Melamed, Sari Lennick, Adam Arkin, Amy Landecker, Alan Mandell, Fyvush Finkel, Peter Breitmayer, Aaron Wolff, Jessica McManus, Brent Braunschweig","United States, United Kingdom, France",2009,"January 16, 2018",R,"Comedies, Independent Movies"
53,District 9,Movie,Neill Blomkamp,"Sharlto Copley, Jason Cope, David James, Vanessa Haywood, Mandla Gaduka, Kenneth Nkosi, Eugene Khumbanyiwa, Louis Minnaar, William Allen Young, Nathalie Boltt","South Africa, United States, New Zealand, Canada",2009,"November 4, 2019",R,"Action & Adventure, International Movies, Sci-Fi & Fantasy"
54,The Witch,Movie,Robert Eggers,"Anya Taylor-Joy, Ralph Ineson, Kate Dickie, Harvey Scrimshaw, Ellie Grainger, Lucas Dawson, Bathsheba Garnett, Sarah Stephens, Julian Richings, Wahab Chaudhry","United Kingdom, Canada, United States",2015,"September 17, 2018",R,"Horror Movies, Independent Movies"
55,Suburra,Movie,Stefano Sollima,"Pierfrancesco Favino, Elio Germano, Claudio Amendola, Alessandro Borghi, Greta Scarano, Giulia Gorietti, Jean-Hugues Anglade, Antonello Fassari, Lidia Vitale","Italy, France",2015,"October 14, 2015",NR,"Dramas, International Movies, Thrillers"
56,The Confirmation,Movie,Bob Nelson,"Clive Owen, Maria Bello, Patton Oswalt, Jaeden Lieberher, Matthew Modine, Stephen Tobolowsky, Tim Blake Nelson, Robert Forster",Canada,2016,"February 6, 2019",PG-13,"Comedies, Dramas, Independent Movies"
57,She's Gotta Have It,Movie,Spike Lee,"Tracy Camilla Johns, Tommy Redmond Hicks, John Canada Terrell, Spike Lee, Raye Dowell, Joie Lee, S. Epatha Merkerson, Bill Lee, Cheryl Burr, Aaron Dugger",United States,1986,"September 1, 2017",R,"Classic Movies, Comedies, Independent Movies"
58,She's Gotta Have It,TV Show,,"DeWanda Wise, Cleo Anthony, Lyriq Bent, Anthony Ramos, Chyna Layne, Margot Bingham, Ilfanesh Hadera, Elvis Nolasco, De'Adre Aziza",United States,2018," May 24, 2019",TV-MA,"Romantic TV Shows, TV Comedies, TV Dramas"
59,Nobody Speak: Trials of the Free Press,Movie,Brian Knappenberger,,"Netherlands, United States",2017,"June 23, 2017",TV-14,Documentaries
60,1922,Movie,Zak Hilditch,"Thomas Jane, Molly Parker, Dylan Schmid, Kaitlyn Bernard, Bob Frazer, Brian d'Arcy James, Neal McDonough",United States,2017,"October 20, 2017",TV-MA,"Dramas, Thrillers"
61,Gerald's Game,Movie,Mike Flanagan,"Carla Gugino, Bruce Greenwood, Henry Thomas, Carel Struycken, Chiara Aurelia",United States,2017,"September 29, 2017",TV-MA,"Horror Movies, Thrillers"
62,Trainspotting,Movie,Danny Boyle,"Ewan McGregor, Ewen Bremner, Jonny Lee Miller, Kevin McKidd, Robert Carlyle, Kelly Macdonald, Peter Mullan, James Cosmo, Eileen Nicholas, Susan Vidler, Pauline Lynch, Shirley Henderson",United Kingdom,1996,"October 1, 2019",R,"Comedies, Cult Movies, Dramas"
63,The Kindergarten Teacher,Movie,Sara Colangelo,"Maggie Gyllenhaal, Parker Sevak, Gael García Bernal, Michael Chernus, Anna Baryshnikov, Rosa Salazar, Ajay Naidu","United States, Israel, United Kingdom, Canada",2018,"October 12, 2018",R,"Dramas, Independent Movies"
64,Mississippi Grind,Movie,"Anna Boden, Ryan Fleck","Ryan Reynolds, Ben Mendelsohn, Sienna Miller, Analeigh Tipton, Alfre Woodard, James Toback, Robin Weigert",United States,2015,"July 26, 2018",R,"Dramas, Independent Movies"
65,El Camino: A Breaking Bad Movie,Movie,Vince Gilligan,Aaron Paul,United States,2019,"October 11, 2019",TV-MA,"Dramas, Thrillers"
66,The Sapphires,Movie,Wayne Blair,"Chris O'Dowd, Deborah Mailman, Jessica Mauboy, Shari Sebbens, Miranda Tapsell, Tory Kittles, Eka Darville, Tammy Anderson, Lynette Narkle, Kylie Belling",Australia,2012,"April 26, 2019",PG-13,"Comedies, Dramas, Independent Movies"
67,The Spectacular Now,Movie,James Ponsoldt,"Miles Teller, Shailene Woodley, Brie Larson, Jennifer Jason Leigh, Mary Elizabeth Winstead, Kyle Chandler, Dayo Okeniyi, Bob Odenkirk, Andre Royo, Masam Holden",United States,2013,"July 15, 2018",R,"Dramas, Independent Movies, Romantic Movies"
68,Locke,Movie,Steven Knight,"Tom Hardy, Olivia Colman, Ruth Wilson, Andrew Scott, Ben Daniels, Tom Holland, Bill Milner, Danny Webb, Alice Lowe, Silas Carson","United Kingdom, United States",2013,"July 15, 2018",R,"Dramas, Independent Movies"
69,The Ballad of Buster Scruggs,Movie,"Joel Coen, Ethan Coen","Liam Neeson, James Franco, Tim Blake Nelson, Tom Waits, Zoe Kazan, Brendan Gleeson",United States,2018,"November 16, 2018",R,"Comedies, Dramas"
70,Green Room,Movie,Jeremy Saulnier,"Anton Yelchin, Imogen Poots, Patrick Stewart, Alia Shawkat, Joe Cole, Callum Turner, Macon Blair, David W. Thompson, Mark Webber, Eric Edelstein, Kai Lennox",United States,2015,"November 12, 2018",R,"Horror Movies, Thrillers"
71,The Fighter,Movie,David O. Russell,"Mark Wahlberg, Christian Bale, Amy Adams, Melissa Leo, Jack McGee, Melissa McMeekin, Bianca Hunter, Erica McDermott, Dendrie Taylor, Jill Quigg, Kate B. O'Brien, Sugar Ray Leonard",United States,2010,"January 13, 2019",R,"Dramas, Sports Movies"
72,A Ghost Story,Movie,David Lowery,"Casey Affleck, Rooney Mara, Liz Franke, Rob Zabrecky, Will Oldham, Sonia Acevedo",United States,2017,"January 7, 2020",R,"Dramas, Independent Movies"
73,Up in the Air,Movie,Jason Reitman,"George Clooney, Vera Farmiga, Anna Kendrick, Jason Bateman, Amy Morton, Melanie Lynskey, J.K. Simmons, Sam Elliott, Danny McBride, Zach Galifianakis, Chris Lowell",United States,2009,"January 1, 2020",R,"Comedies, Dramas, Romantic Movies"
74,Ali's Wedding,Movie,Jeffrey Walker,"Osamah Sami, Don Hany, Helana Sawires, Frances Duca, Majid Shokor, Rodney Afif, Ghazi Alkinani, Ryan Corr",Australia,2018,"June 8, 2018",TV-MA,"Comedies, Independent Movies, International Movies"
75,Deidra & Laney Rob a Train,Movie,Sydney Freeland,"Rachel Crow, Ashleigh Murray, Sasheer Zamata, Danielle Nicolet, David Sullivan, Tim Blake Nelson, Missi Pyle, Arturo Castro, Sharon Lawrence, Brooke Markham, Kinna McInroe, Myko Olivier, Lance Gray",United States,2017,"March 17, 2017",TV-14,"Comedies, Dramas, Independent Movies"
76,Rocko's Modern Life: Static Cling,Movie,"Joe Murray, Cosmo Segurson","Carlos Alazraqui, Tom Kenny, Charlie Adler, Jill Talley, Mr. Lawrence, Joe Murray",United States,2019,"August 9, 2019",TV-Y7,"Children & Family Movies, Comedies, LGBTQ Movies"
77,Hush,Movie,Mike Flanagan,"John Gallagher Jr., Kate Siegel, Michael Trucco, Samantha Sloyan, Emma Graves",United States,2016,"April 8, 2016",R,"Horror Movies, Thrillers"
78,Mindhorn,Movie,Sean Foley,"Julian Barratt, Andrea Riseborough, Essie Davis, Russell Tovey, Simon Farnaby, Steve Coogan, Richard McCabe, David Schofield, Nicholas Farrell, Jessica Barden",United Kingdom,2017,"May 12, 2017",TV-MA,"Comedies, Cult Movies, Independent Movies"
79,Into the Inferno,Movie,Werner Herzog,Werner Herzog,"United Kingdom, Germany, Canada",2016,"October 28, 2016",TV-PG,Documentaries
80,Backcountry,Movie,Adam MacDonald,"Missy Peregrym, Jeff Roop, Eric Balfour, Nicholas Campbell",Canada,2014,"March 30, 2017",NR,"Horror Movies, Independent Movies, Thrillers"
81,Set It Up,Movie,Claire Scanlon,"Zoey Deutch, Glen Powell, Lucy Liu, Taye Diggs, Meredith Hagner, Pete Davidson, Tituss Burgess",United States,2018,"June 15, 2018",TV-14,"Comedies, Romantic Movies"
82,The Endless,Movie,"Justin Benson, Aaron Moorhead","Aaron Moorhead, Justin Benson, Callie Hernandez, Lew Temple, James Jordan, Tate Ellington",United States,2017,"September 19, 2018",TV-MA,"Independent Movies, Sci-Fi & Fantasy, Thrillers"
83,Slow West,Movie,John Maclean,"Kodi Smit-McPhee, Michael Fassbender, Ben Mendelsohn, Caren Pistorius, Rory McCann, Andrew Robertt, Edwin Wright, Kalani Queypo","United Kingdom, New Zealand",2015,"July 26, 2018",R,"Action & Adventure, Dramas, International Movies"
84,Beasts of No Nation,Movie,Cary Joji Fukunaga,"Idris Elba, Abraham Attah, Kurt Egyiawan, Jude Akuwudike, Emmanuel ""King Kong"" Nii Adom Quaye, Ama K. Abebrese, Kobina Amissah Sam, Francis Weddey, Richard Pepple",United States,2015,"October 16, 2015",NR,"Dramas, Independent Movies"
85,The Squid and the Whale,Movie,Noah Baumbach,"Jeff Daniels, Laura Linney, Jesse Eisenberg, Owen Kline, William Baldwin, Halley Feiffer, Anna Paquin, Ken Leung, David Benger, Adam Rose",United States,2005,"October 1, 2019",R,"Comedies, Dramas, Independent Movies"
86,Arthur Christmas,Movie,Sarah Smith,"James McAvoy, Hugh Laurie, Bill Nighy, Jim Broadbent, Imelda Staunton, Ashley Jensen, Ramona Marquez, Marc Wootton, Laura Linney, Eva Longoria, Michael Palin, Joan Cusack, Deborah Findlay, Rich Fulcher, Sarah Smith, Clint Dyer, Kerry Shale, Stewart Lee, Bronagh Gallagher, Kevin Cecil, Alistair McGowan, David Menkin, Kris Pearn, Ian Ashpitel, Rich Hall, Seeta Indrani, Jane Horrocks, Peter Baynham, Emma Kennedy, Dominic West, Jerry Lambert, Julia Davis, Robbie Coltrane, Iain McKee, Sanjeev Bhaskar, Andy Serkis, Tamsin Greig, Rhys Darby, Seamus Malone, Cody Cameron, David Schneider, Kevin Eldon, Danny John-Jules, Brian Cummings","United Kingdom, United States",2011,"January 1, 2020",PG,"Children & Family Movies, Comedies"
87,Frances Ha,Movie,Noah Baumbach,"Greta Gerwig, Mickey Sumner, Charlotte d'Amboise, Adam Driver, Hannah Dunne, Michael Esper, Grace Gummer, Patrick Heusinger, Josh Hamilton, Cindy Katz, Maya Kazan, Justine Lupe, Britta Phillips, Juliet Rylance, Dean Wareham, Michael Zegen","United States, Brazil",2012,"October 1, 2017",R,"Comedies, Dramas, Independent Movies"
88,The Gift,Movie,Sam Raimi,"Cate Blanchett, Giovanni Ribisi, Keanu Reeves, Katie Holmes, Greg Kinnear, Hilary Swank, Michael Jeter, Kim Dickens, Gary Cole, Rosemary Harris, J.K. Simmons, Chelcie Ross, John Beasley",United States,2000,"November 20, 2019",R,"Dramas, Thrillers"
89,The Gift,TV Show,,"Beren Saat, Mehmet Günsür, Metin Akdülger, Melisa Şenolsun, Başak Köklükaya, Civan Canova, Tim Seyfi, Meral Çetinkaya, Hazal Türesan, Cezmi Baskın",Turkey,2019,"December 27, 2019",TV-MA,"International TV Shows, TV Dramas, TV Mysteries"
90,The Gift,Movie,Sam Raimi,"Cate Blanchett, Giovanni Ribisi, Keanu Reeves, Katie Holmes, Greg Kinnear, Hilary Swank, Michael Jeter, Kim Dickens, Gary Cole, Rosemary Harris, J.K. Simmons, Chelcie Ross, John Beasley",United States,2000,"November 20, 2019",R,"Dramas, Thrillers"
91,The Gift,TV Show,,"Beren Saat, Mehmet Günsür, Metin Akdülger, Melisa Şenolsun, Başak Köklükaya, Civan Canova, Tim Seyfi, Meral Çetinkaya, Hazal Türesan, Cezmi Baskın",Turkey,2019,"December 27, 2019",TV-MA,"International TV Shows, TV Dramas, TV Mysteries"
92,The Meyerowitz Stories (New and Selected),Movie,Noah Baumbach,"Adam Sandler, Ben Stiller, Dustin Hoffman, Elizabeth Marvel, Grace Van Patten, Emma Thompson, Candice Bergen, Rebecca Miller, Danny Flaherty, Sakina Jaffrey, Adam David Thompson",United States,2017,"October 13, 2017",TV-MA,"Comedies, Dramas, Independent Movies"
93,"I, Daniel Blake",Movie,Ken Loach,"Dave Johns, Hayley Squires, Briana Shann, Dylan McKiernan, Kate Rutter, Sharon Percy, Kema Sikazwe, Steven Richens","United Kingdom, France, Belgium",2016,"April 19, 2019",R,"Dramas, Independent Movies"
94,Ex Machina,Movie,Alex Garland,"Domhnall Gleeson, Alicia Vikander, Oscar Isaac, Sonoya Mizuno, Claire Selby, Symara Templeman, Gana Bayarsaikhan, Tiffany Pisani, Corey Johnson, Evie Wray, Deborah Rosan",United Kingdom,2015,"July 26, 2018",R,"Dramas, Independent Movies, International Movies"
95,One of Us,Movie,"Heidi Ewing, Rachel Grady",,United States,2017,"October 20, 2017",TV-14,Documentaries
96,I'll See You in My Dreams,Movie,Brett Haley,"Blythe Danner, Martin Starr, June Squibb, Rhea Perlman, Mary Kay Place, Malin Akerman, Sam Elliott, Aarti Mann, Mark Adair-Rios, Ashley Spillers",United States,2015,"October 22, 2019",PG-13,"Comedies, Dramas, Independent Movies"
97,We the Animals,Movie,Jeremiah Zagar,"Evan Rosado, Josiah Gabriel, Isaiah Kristian, Raúl Castillo, Sheila Vand, Giovanni Pacciarelli, Terry Holland, Moe Isaac, Mickey Anthony, Tom Malley",United States,2018,"February 11, 2019",R,"Dramas, Independent Movies"
98,The Little Prince,Movie,Mark Osborne,"Jeff Bridges, Rachel McAdams, Paul Rudd, Bud Cort, Marion Cotillard, Benicio Del Toro, James Franco, Ricky Gervais, Paul Giamatti, Riley Osborne, Albert Brooks, Mackenzie Foy",France,2016,"August 5, 2016",PG,Children & Family Movies
99,High Flying Bird,Movie,Steven Soderbergh,"André Holland, Zazie Beetz, Bill Duke, Kyle MacLachlan, Melvin Gregg, Sonja Sohn, Zachary Quinto",United States,2019,"February 8, 2019",TV-MA,"Dramas, Sports Movies"
100,Neruda,Movie,Pablo Larraín,"Luis Gnecco, Gael García Bernal, Mercedes Morán, Emilio Gutiérrez Caba, Diego Muñoz, Alejandro Goic, Pablo Derqui, Marcelo Alonso","Chile, Argentina, France, Spain, United States",2016,"June 26, 2017",R,"Dramas, International Movies"
101,50/50,Movie,Jonathan Levine,"Joseph Gordon-Levitt, Seth Rogen, Anna Kendrick, Bryce Dallas Howard, Anjelica Huston, Serge Houde, Andrew Airlie, Matt Frewer, Philip Baker Hall, Marie Avgeropoulos, Jessica Parker Kennedy",United States,2011,"June 1, 2019",R,"Comedies, Dramas, Independent Movies"
102,Milk,Movie,Gus Van Sant,"Sean Penn, Emile Hirsch, Josh Brolin, Diego Luna, James Franco, Alison Pill, Victor Garber, Denis O'Hare, Joseph Cross, Stephen Spinella, Lucas Grabeel, Brandon Boyce",United States,2008,"February 16, 2017",R,"Dramas, Independent Movies, LGBTQ Movies"
103,Dallas Buyers Club,Movie,Jean-Marc Vallée,"Matthew McConaughey, Jennifer Garner, Jared Leto, Denis O'Hare, Steve Zahn, Michael O'Neill, Dallas Roberts, Griffin Dunne, Kevin Rankin, Donna DuPlantier",United States,2013,"January 16, 2018",R,"Dramas, Independent Movies, LGBTQ Movies"
104,Room,Movie,Lenny Abrahamson,"Brie Larson, Jacob Tremblay, Joan Allen, Sean Bridgers, Tom McCamus, William H. Macy, Cas Anvar, Amanda Brugel, Wendy Crewson, Sandy McMaster","Ireland, Canada, United Kingdom, United States",2015,"July 19, 2018",R,"Dramas, Independent Movies"
105,The American Meme,Movie,Bert Marcus,"Paris Hilton, Josh Ostrovsky, Brittany Furlan, Kirill Bichutsky, DJ Khaled, Emily Ratajkowski, Hailey Baldwin",United States,2018,"December 7, 2018",TV-MA,Documentaries
106,Screwball,Movie,Billy Corben,,United States,2018,"August 6, 2019",TV-MA,"Documentaries, Sports Movies"
107,Sweetheart,Movie,J.D. Dillard,"Kiersey Clemons, Emory Cohen, Hanna Mangan Lawrence, Andrew Crawford, Benedict Samuel",United States,2019,"December 25, 2019",PG-13,"Horror Movies, Sci-Fi & Fantasy, Thrillers"
108,Newtown,Movie,Kim A. Snyder,,United States,2016,"April 7, 2017",NR,Documentaries
109,Icarus,Movie,Bryan Fogel,"Bryan Fogel, Grigory Rodchenkov",United States,2017,"August 4, 2017",TV-MA,"Documentaries, Sports Movies"
110,"Jim & Andy: The Great Beyond - Featuring a Very Special, Contractually Obligated Mention of Tony Clifton",Movie,Chris Smith,Jim Carrey,"Canada, United States",2017,"November 17, 2017",TV-MA,Documentaries
111,Gook,Movie,Justin Chon,"Simone Baker, Justin Chon, David So, Curtiss Cook Jr., Sang Chon, Ben Munoz, Omono Okojie, Isaiah Jarel",United States,2017,"March 6, 2018",TV-MA,"Dramas, Independent Movies"
112,Klaus,Movie,Sergio Pablos,"Jason Schwartzman, J.K. Simmons, Rashida Jones, Will Sasso, Neda Margrethe Labba, Sergio Pablos, Norm Macdonald, Joan Cusack",Spain,2019,"November 15, 2019",PG,"Children & Family Movies, Comedies"
113,Howards End,Movie,James Ivory,"Anthony Hopkins, Vanessa Redgrave, Helena Bonham Carter, Emma Thompson, James Wilby, Samuel West, Jemma Redgrave, Joseph Bennett, Nicola Duffett, Susie Lindeman","United Kingdom, Japan, United States",1992,"March 16, 2017",PG,"Classic Movies, Dramas, Independent Movies"
114,The Crying Game,Movie,Neil Jordan,"Stephen Rea, Miranda Richardson, Forest Whitaker, Jaye Davidson, Adrian Dunbar, Breffini McKenna, Joe Savino, Birdie Sweeney, Andree Bernard, Jim Broadbent","United Kingdom, Japan, United States",1992,"January 1, 2020",R,"Classic Movies, Independent Movies, Thrillers"
115,Raging Bull,Movie,Martin Scorsese,"Robert De Niro, Cathy Moriarty, Joe Pesci, Frank Vincent, Nicholas Colasanto, Theresa Saldana, Mario Gallo, Frank Adonis, Joseph Bono",United States,1980,"October 1, 2019",R,"Classic Movies, Dramas, Sports Movies"
116,Private Life,Movie,Tamara Jenkins,"Paul Giamatti, Kathryn Hahn, Kayli Carter, Molly Shannon, John Carroll Lynch, Denis O'Hare, Desmin Borges, Tracee Chimo, Siobhan Fallon Hogan, Emily Robinson",United States,2018,"October 5, 2018",R,"Comedies, Dramas, Independent Movies"
117,De Palma,Movie,"Noah Baumbach, Jake Paltrow",Brian De Palma,United States,2015,"November 21, 2018",R,Documentaries
118,The Edge of Seventeen,Movie,Kelly Fremon Craig,"Hailee Steinfeld, Woody Harrelson, Kyra Sedgwick, Haley Lu Richardson, Blake Jenner, Hayden Szeto","United States, China",2016,"February 1, 2019",R,"Comedies, Dramas"
119,Snowpiercer,Movie,Bong Joon Ho,"Chris Evans, Song Kang-ho, Ed Harris, John Hurt, Tilda Swinton, Jamie Bell, Octavia Spencer, Ewen Bremner, Alison Pill, Adnan Haskovic, Vlad Ivanov, Ko A-sung, Luke Pasqualino","South Korea, Czech Republic",2013,"May 1, 2019",R,"Action & Adventure, Cult Movies, International Movies"
120,Palio,Movie,Cosima Spender,,United Kingdom,2015,"June 30, 2016",TV-14,"Documentaries, International Movies, Sports Movies"
121,Strike a Pose,Movie,"Ester Gould, Reijer Zwaan",,"Netherlands, Belgium",2016,"April 7, 2017",TV-MA,"Documentaries, International Movies, LGBTQ Movies"
122,Tramps,Movie,Adam Leon,"Callum Turner, Grace Van Patten, Michal Vondel, Mike Birbiglia, Margaret Colin, Louis Cancelmi, Rachel Zeiger-Haag, Dane Martinez",United States,2017,"April 21, 2017",TV-MA,"Independent Movies, Romantic Movies"
123,Notes on Blindness,Movie,"Peter Middleton, James Spinney","Dan Renton Skinner, Simone Kirby",United Kingdom,2016,"March 15, 2017",TV-PG,"Documentaries, Dramas, International Movies"
124,See You Yesterday,Movie,Stefon Bristol,"Eden Duncan-Smith, Dante Crichlow, Astro, Johnathan Nieves, Marsha Stephanie Blake, Wavyy Jonez, Myra Lucretia Taylor",United States,2019,"May 17, 2019",TV-MA,"Dramas, Sci-Fi & Fantasy, Thrillers"
125,Outside In,Movie,Lynn Shelton,"Jay Duplass, Edie Falco, Kaitlyn Dever, Ben Schwartz, Louis Hobson, Alycia Delmore, Pamela Reed, Matt Malloy, Aaron Blakely",United States,2018,"June 1, 2018",TV-MA,"Dramas, Independent Movies"
126,The Evil Dead,Movie,Sam Raimi,"Bruce Campbell, Ellen Sandweiss, Richard DeManincor, Betsy Baker, Theresa Tilly, Bill Vincent, Scott Spiegel, Ivan Raimi, David Horton, John Cameron, Ted Raimi",United States,1981,"January 10, 2020",TV-MA,"Classic Movies, Cult Movies, Horror Movies"
127,Monty Python's Life of Brian,Movie,Terry Jones,"Graham Chapman, John Cleese, Terry Gilliam, Eric Idle, Terry Jones, Michael Palin, Terence Bayler, Carol Cleveland",United Kingdom,1979,"October 2, 2018",R,"Classic Movies, Comedies, Cult Movies"
128,Once Upon a Time in the West,Movie,Sergio Leone,"Henry Fonda, Charles Bronson, Claudia Cardinale, Jason Robards, Gabriele Ferzetti, Paolo Stoppa, Woody Strode, Jack Elam, Keenan Wynn, Frank Wolff, Lionel Stander","Italy, United States",1968,"November 20, 2019",PG-13,"Action & Adventure, Classic Movies, International Movies"
129,Krisha,Movie,Trey Edward Shults,"Krisha Fairchild, Alex Dobrenko, Robyn Fairchild, Chris Doubek, Victoria Fairchild, Bryan Casserly, Chase Joliet, Atheena Frizzell, Augustine Frizzell, Bill Wise, Olivia Grace Applegate, Trey Edward Shults",United States,2015,"November 7, 2018",R,"Dramas, Independent Movies"
130,Shadow,Movie,Zhang Yimou,"Deng Chao, Sun Li, Ryan Cheng, Wang Qianyuan, Hu Jun, Wang Jingchun, Guan Xiaotong, Leo Wu","China, Hong Kong",2018,"November 6, 2019",TV-MA,"Action & Adventure, Dramas, International Movies"
131,Shadow,TV Show,,"Pallance Dladla, Khathu Ramabulana, Amanda du-Pont, Tumie Ngumla",,2019,"March 8, 2019",TV-MA,"Crime TV Shows, International TV Shows, TV Action & Adventure"
132,The Breadwinner,Movie,Nora Twomey,"Saara Chaudry, Soma Chhaya, Ali Badshah, Soma Bhatia, Shaista Latif, Laara Sadiq, Kawa Ada, Noorin Gulamgaus","Ireland, Canada, Luxembourg, United States",2017,"February 20, 2018",PG-13,"Children & Family Movies, Dramas, International Movies"
133,Searching for Sugar Man,Movie,Malik Bendjelloul,Rodriguez,"Sweden, United Kingdom, Finland",2012,"December 1, 2019",PG-13,"Documentaries, International Movies, Music & Musicals"
134,Amy,Movie,Asif Kapadia,"Amy Winehouse, Lauren Gilbert",United Kingdom,2015,"July 26, 2018",R,"Documentaries, International Movies, Music & Musicals"
135,Pan's Labyrinth,Movie,Guillermo del Toro,"Ivana Baquero, Sergi López, Maribel Verdú, Doug Jones, Ariadna Gil, Álex Angulo, Manolo Solo, César Vea, Roger Casamajor, Sergi Lopez","Mexico, Spain",2006,"January 1, 2020",R,"Dramas, International Movies, Sci-Fi & Fantasy"
136,Her,Movie,Spike Jonze,"Joaquin Phoenix, Scarlett Johansson, Amy Adams, Rooney Mara, Olivia Wilde, Chris Pratt, Matt Letscher, Portia Doubleday",United States,2013,"July 29, 2018",R,"Dramas, Romantic Movies, Sci-Fi & Fantasy"
137,The King's Speech,Movie,Tom Hooper,"Colin Firth, Geoffrey Rush, Helena Bonham Carter, Guy Pearce, Timothy Spall, Derek Jacobi, Jennifer Ehle, Anthony Andrews, Claire Bloom, Eve Best, Michael Gambon","United Kingdom, United States, Australia",2010,"June 2, 2018",R,"Dramas, International Movies"
138,Marriage Story,Movie,Noah Baumbach,"Scarlett Johansson, Adam Driver, Laura Dern, Alan Alda, Ray Liotta, Julie Hagerty, Merritt Wever, Azhy Robertson","United States, United Kingdom",2019,"December 6, 2019",R,Dramas
139,"Bikram: Yogi, Guru, Predator",Movie,Eva Orner,Bikram Choudhury,United States,2019,"November 20, 2019",TV-MA,Documentaries
140,Grass,Movie,Tanuj Chopra,"Emily Chang, Pia Shah, Anthony Ma",United States,2017,"February 14, 2019",TV-MA,"Comedies, Independent Movies"
141,The Stranger,Movie,Orson Welles,"Edward G. Robinson, Loretta Young, Orson Welles, Philip Merivale, Richard Long, Konstantin Shayne, Byron Keith, Billy House",United States,1946,"July 19, 2018",TV-PG,"Classic Movies, Dramas, Thrillers"
142,The Stranger,Movie,Orson Welles,"Edward G. Robinson, Loretta Young, Orson Welles, Philip Merivale, Richard Long, Konstantin Shayne, Byron Keith, Billy House",United States,1946,"July 19, 2018",TV-PG,"Classic Movies, Dramas, Thrillers"
143,The Death and Life of Marsha P. Johnson,Movie,David France,,United States,2017,"October 6, 2017",TV-MA,"Documentaries, LGBTQ Movies"
144,Tell Me Who I Am,Movie,Ed Perkins,,United Kingdom,2019,"October 18, 2019",TV-MA,Documentaries
145,Sling Blade,Movie,Billy Bob Thornton,"Billy Bob Thornton, Dwight Yoakam, J.T. Walsh, John Ritter, Lucas Black, Natalie Canerday, James Hampton, Robert Duvall, Rick Dial, Brent Briscoe",United States,1996,"November 1, 2019",R,"Dramas, Independent Movies"
146,I Lost My Body,Movie,Jérémy Clapin,"Hakim Faris, Victoire Du Bois, Patrick d'Assumçao, Dev Patel, Alia Shawkat, George Wendt",France,2019,"November 29, 2019",TV-MA,"Dramas, Independent Movies, International Movies"
147,American Factory,Movie,"Steven Bognar, Julia Reichert",,United States,2019,"August 21, 2019",TV-14,Documentaries
148,Undefeated,Movie,"Daniel Lindsay, T.J. Martin","Montrail 'Money' Brown, O.C. Brown, Bill Courtney, Chavis Daniels",United States,2011,"August 18, 2017",PG-13,"Documentaries, Sports Movies"
149,The Look of Silence,Movie,Joshua Oppenheimer,,"Denmark, Indonesia, Finland, Norway, United Kingdom, Israel, France, United States, Germany, Netherlands",2014,"February 26, 2016",PG-13,"Documentaries, International Movies"
150,Blue Ruin,Movie,Jeremy Saulnier,"Macon Blair, Devin Ratray, Amy Hargreaves, Kevin Kolack, Eve Plumb, David W. Thompson, Brent Werzner, Stacy Rock, Sidné Anderson, Sandy Barnett, Bonnie Johnson","United States, France",2013,"February 25, 2019",R,"Independent Movies, Thrillers"
151,Atlantics,Movie,Mati Diop,"Mama Sane, Amadou Mbow, Ibrahima Traore, Nicole Sougou, Amina Kane, Mariama Gassama, Coumba Dieng, Ibrahima Mbaye, Diankou Sembene","France, Senegal, Belgium",2019,"November 29, 2019",TV-14,"Dramas, Independent Movies, International Movies"
152,The Irishman,Movie,Martin Scorsese,"Robert De Niro, Al Pacino, Joe Pesci, Harvey Keitel, Ray Romano, Bobby Cannavale, Anna Paquin, Stephen Graham, Stephanie Kurtzuba, Kathrine Narducci, Welker White, Jesse Plemons, Jack Huston, Domenick Lombardozzi, Louis Cancelmi, Paul Herman, Gary Basaraba, Marin Ireland, Sebastian Maniscalco, Steven Van Zandt",United States,2019,"November 27, 2019",R,Dramas
153,The Edge of Democracy,Movie,Petra Costa,,Brazil,2019,"June 19, 2019",TV-14,"Documentaries, International Movies"
154,The Body Remembers When the World Broke Open,Movie,"Elle-Máijá Tailfeathers, Kathleen Hepburn","Violet Nelson, Elle-Máijá Tailfeathers, Charlie Hannah, Barbara Eve Harris, Sonny Surowiec, Jay Cardinal Villeneuve, Tony Massil, Aidan Dee, James Angus Cowan, Anthony Bolognese","Canada, Norway",2019,"November 27, 2019",TV-MA,"Dramas, Independent Movies"
155,Monty Python and the Holy Grail,Movie,"Terry Gilliam, Terry Jones","Graham Chapman, John Cleese, Eric Idle, Terry Gilliam, Terry Jones, Michael Palin, Connie Booth, Carol Cleveland, Neil Innes",United Kingdom,1975,"January 2, 2019",PG,"Action & Adventure, Classic Movies, Comedies"
156,Aquarius,Movie,Kleber Mendonça Filho,"Sonia Braga, Maeve Jinkings, Irandhir Santos, Humberto Carrão, Zoraide Coleto, Carla Ribas, Fernando Teixeira, Buda Lira","Brazil, France",2016,"January 13, 2017",UR,"Dramas, International Movies"
157,Aquarius,TV Show,,"David Duchovny, Gethin Anthony, Grey Damon, Emma Dumont, Claire Holt, Michaela McManus, Brían F. O'Byrne, David Meunier, Ambyr Childers, Tara Lynne Barr, Whitney Rose Pynn, Jason Ralph",United States,2016," June 16, 2017",TV-MA,"Crime TV Shows, TV Dramas"
158,Mudbound,Movie,Dee Rees,"Carey Mulligan, Jason Clarke, Mary J. Blige, Garrett Hedlund, Jason Mitchell, Rob Morgan, Jonathan Banks",United States,2017,"November 17, 2017",R,"Dramas, Independent Movies"
159,Dolemite Is My Name,Movie,Craig Brewer,"Eddie Murphy, Wesley Snipes, Keegan-Michael Key, Mike Epps, Craig Robinson, Tituss Burgess, Da'Vine Joy Randolph, Kodi Smit-McPhee",United States,2019,"October 25, 2019",R,"Comedies, Dramas"
160,Hell or High Water,Movie,David Mackenzie,"Jeff Bridges, Chris Pine, Ben Foster, Gil Birmingham, Marin Ireland, Katy Mixon, Dale Dickey, Kevin Rankin, William Sterchi",United States,2016,"January 1, 2019",R,"Dramas, Independent Movies"
161,Spider-Man: Into the Spider-Verse,Movie,"Peter Ramsey, Rodney Rothman, Bob Persichetti","Shameik Moore, Jake Johnson, Hailee Steinfeld, Brian Tyree Henry, Lauren Vélez, Mahershala Ali, Lily Tomlin, Kathryn Hahn, Liev Schreiber, Kimiko Glenn, Nicolas Cage, John Mulaney",United States,2018,"June 26, 2019",PG,"Action & Adventure, Comedies"
162,The Cakemaker,Movie,Ofir Raul Graizer,"Sarah Adler, Tim Kalkhof, Roy Miller, Zohar Shtrauss, Sandra Sade, Tamir Ben-Yehuda, Stephanie Stremler, Tagel Eliyahu","Israel, Germany",2017,"December 4, 2018",TV-14,"Dramas, Independent Movies, International Movies"
163,God's Own Country,Movie,Francis Lee,"Josh O'Connor, Alec Secareanu, Ian Hart, Gemma Jones",United Kingdom,2017,"May 1, 2018",TV-MA,"Dramas, Independent Movies, International Movies"
164,Don't Think Twice,Movie,Mike Birbiglia,"Keegan-Michael Key, Gillian Jacobs, Mike Birbiglia, Kate Micucci, Chris Gethard, Richard Masur, Tami Sagher, Erin Darke",United States,2016,"May 1, 2017",R,"Comedies, Dramas, Independent Movies"
165,Moonlight,Movie,Barry Jenkins,"Trevante Rhodes, André Holland, Janelle Monáe, Ashton Sanders, Jharrel Jerome, Alex Hibbert, Jaden Piner, Naomie Harris, Mahershala Ali",United States,2016,"May 21, 2019",R,"Dramas, Independent Movies, LGBTQ Movies"
166,Jiro Dreams of Sushi,Movie,David Gelb,Jiro Ono,United States,2011,"June 5, 2019",PG,Documentaries
167,Starred Up,Movie,David Mackenzie,"Jack O'Connell, Ben Mendelsohn, Rupert Friend, Sam Spruell, Anthony Welsh, David Ajala, Peter Ferdinando, Gershwyn Eustache Jnr, Ashley Chin, Raphael Sowole, Gilly Gilchrist, Tommy McDonnell",United Kingdom,2013,"August 29, 2019",TV-MA,"Dramas, Independent Movies, International Movies"
168,Virunga,Movie,Orlando von Einsiedel,,"United Kingdom,",2014,"November 7, 2014",TV-MA,"Documentaries, International Movies"
169,Invader Zim: Enter the Florpus,Movie,,"Richard Steven Horvitz, Rikki Simons, Andy Berman, Melissa Fahn, Rodger Bumpass, Jhonen Vasquez, Wally Wingert, Kevin McDonald, Olivia d'Abo, Eric Bauza","South Korea, United States",2019,"August 16, 2019",TV-Y7-FV,"Children & Family Movies, Comedies, Sci-Fi & Fantasy"
170,The Young Offenders,Movie,Peter Foott,"Alex Murphy, Chris Walley, Hilary Rose, Dominic MacHale, P.J. Gallagher, Shane Casey, Pascal Scott, Michael Sands, Ciaran Bermingham",Ireland,2016,"March 9, 2017",TV-MA,"Comedies, International Movies"
171,Democrats,Movie,Camilla Nielsson,,"Denmark, Zimbabwe",2014,"April 25, 2016",NR,"Documentaries, International Movies"
172,Creep 2,Movie,Patrick Brice,"Mark Duplass, Desiree Akhavan, Karan Soni",United States,2017,"December 23, 2017",TV-MA,"Horror Movies, Independent Movies, Thrillers"
173,Mercury 13,Movie,"David Sington, Heather Walsh",,United States,2018,"April 20, 2018",TV-PG,Documentaries
174,Paris Is Burning,Movie,Jennie Livingston,,United States,1990,"February 1, 2017",R,"Classic Movies, Cult Movies, Documentaries"
175,Kilo Two Bravo,Movie,Paul Katis,"David Elliot, Mark Stanley, Scott Kyle, Benjamin O'Mahony, Bryan Parry, Liam Ainsworth, Andy Gibbins, John Doughty, Paul Luebke, Thomas Davison, Grant Kilburn, Robert Mitchell, Jon-Paul Bell, Malachi Kirby, Ali Cook",United Kingdom,2014,"March 1, 2019",R,"Dramas, Independent Movies, Thrillers"
176,Chasing Coral,Movie,Jeff Orlowski,,United States,2017,"July 14, 2017",TV-PG,Documentaries
177,Mr. Roosevelt,Movie,Noël Wells,"Noël Wells, Nick Thune, Britt Lower, Daniella Pineda, Andre Hyland, Armen Weitzman, Sergio Cilli",United States,2017,"December 26, 2017",R,"Comedies, Independent Movies"
178,Strong Island,Movie,Yance Ford,,"United States, Denmark",2017,"September 15, 2017",TV-MA,Documentaries
179,Shirkers,Movie,Sandi Tan,,"United States, United Kingdom",2018,"October 26, 2018",TV-14,Documentaries
180,Our Planet,TV Show,,David Attenborough,"United States, United Kingdom",2019,"April 5, 2019",TV-G,"Docuseries, Science & Nature TV"
181,When They See Us,TV Show,,"Asante Blackk, Caleel Harris, Ethan Herisse, Jharrel Jerome, Marquis Rodriguez, Jovan Adepo, Chris Chalk, Justin Cunningham, Freddy Miyares, Michael Kenneth Williams, Marsha Stephanie Blake, Kylie Bunbury, Aunjanue Ellis, Vera Farmiga, Felicity Huffman, John Leguizamo, Niecy Nash",United States,2019,"May 31, 2019",TV-MA,"Crime TV Shows, TV Dramas"
182,Stranger Things,TV Show,,"Winona Ryder, David Harbour, Finn Wolfhard, Millie Bobby Brown, Gaten Matarazzo, Caleb McLaughlin, Natalia Dyer, Charlie Heaton, Cara Buono, Noah Schnapp, Matthew Modine, Joe Keery, Dacre Montgomery, Sadie Sink, Paul Reiser, Sean Astin",United States,2019," July 4, 2019",TV-14,"TV Horror, TV Mysteries, TV Sci-Fi & Fantasy"
183,House of Cards,TV Show,,"Kevin Spacey, Robin Wright, Kate Mara, Corey Stoll, Sakina Jaffrey, Kristen Connolly, Constance Zimmer, Sebastian Arcelus, Nathan Darrow, Sandrine Holt, Michel Gill, Elizabeth Norment, Mahershala Ali, Reg E. Cathey, Molly Parker, Derek Cecil, Elizabeth Marvel, Kim Dickens, Lars Mikkelsen, Michael Kelly, Joel Kinnaman, Campbell Scott, Patricia Clarkson, Neve Campbell",United States,2018," November 2, 2018",TV-MA,"TV Dramas, TV Thrillers"
184,Black Mirror,TV Show,,"Jesse Plemons, Cristin Milioti, Jimmi Simpson, Rosemarie DeWitt, Douglas Hodge, Andrea Riseborough, Brenna Harding, Owen Teague, Andrew Gower, Kiran Sonia Sawar, Georgina Campbell, Joe Cole, Maxine Peake, Jake Davies, Clint Dyer, Letitia Wright, Babs Olusanmokun, Bryce Dallas Howard, Alice Eve, Michael Kelly, Cherry Jones, Gugu Mbatha-Raw, Mackenzie Davis, Wyatt Russell, Benedict Wong, Kelly Macdonald, Faye Marsay, Madeline Brewer, Hannah John-Kamen, Malachi Kirby, Alex Lawther, Jerome Flynn, James Norton, Rory Kinnear, Lindsay Duncan, Daniel Kaluuya, Jessica Brown Findlay, Rupert Everett, Toby Kebbell, Jodie Whittaker, Hayley Atwell, Domhnall Gleeson, Lenora Crichlow, Michael Smiley, Daniel Rigby, Chloe Pirrie, Jason Flemyng, Jon Hamm, Oona Chaplin, Rafe Spall",United Kingdom,2019," June 5, 2019",TV-MA,"British TV Shows, International TV Shows, TV Dramas"
185,Narcos,TV Show,,"Wagner Moura, Pedro Pascal, Boyd Holbrook, Damián Alcázar, Alberto Ammann, Francisco Denis, Pêpê Rapazote, Matias Varela, Michael Stahl-David, Matt Whelan, Arturo Castro, Javier Cámara, José María Yazpik, Eric Lange, Brett Cullen, Miguel Ángel Silvestre, Kerry Bishé, Paulina Gaitán, Cristina Umaña, Paulina García, Juan Sebastián Calero, Joanna Christie, Taliana Vargas, Andrea Londo, Manolo Cardona, Diego Cataño, Raúl Méndez, Bruno Bichir, Stephanie Sigman, Florencia Lozano, Juan Pablo Raba, Leynar Gomez, Konstantin Melikhov, Martina García, Maurice Compte, Mauricio Cujar, Jorge Monterrosa, Germán Jaramillo, Juan Pablo Shuk, Julián Díaz, Alejandro Buitrago, Federico Rivera","United States, Colombia, Mexico",2017," September 1, 2017",TV-MA,"Crime TV Shows, TV Action & Adventure, TV Dramas"
186,Arrested Development,TV Show,,"Jason Bateman, Portia de Rossi, Will Arnett, Michael Cera, Alia Shawkat, Tony Hale, David Cross, Jeffrey Tambor, Jessica Walter, Ron Howard",United States,2019," May 29, 2018",TV-14,TV Comedies
187,Sacred Games,TV Show,"Vikramaditya Motwane, Anurag Kashyap","Saif Ali Khan, Nawazuddin Siddiqui, Radhika Apte, Neeraj Kabi, Jitendra Joshi","India, United States",2019," August 15, 2019",TV-MA,"Crime TV Shows, International TV Shows, TV Dramas"
188,Dark,TV Show,,"Louis Hofmann, Oliver Masucci, Jördis Triebel, Maja Schöne, Karoline Eichhorn, Sebastian Rudolph, Anatole Taubman, Mark Waschke, Stephan Kampwirth, Anne Ratte-Polle, Andreas Pietschmann, Lisa Vicari, Michael Mendl, Angela Winkler","Germany, United States",2019," June 21, 2019",TV-MA,"Crime TV Shows, International TV Shows, TV Dramas"
189,The Haunting of Hill House,TV Show,,"Michiel Huisman, Carla Gugino, Timothy Hutton, Henry Thomas, Elizabeth Reaser, Oliver Jackson-Cohen, Kate Siegel, Victoria Pedretti, Lulu Wilson, Mckenna Grace, Paxton Singleton, Julian Hilliard, Violet McGraw",United States,2018,"October 12, 2018",TV-MA,"TV Dramas, TV Horror, TV Mysteries"
190,The Crown,TV Show,,"Claire Foy, John Lithgow, Matt Smith, Vanessa Kirby, Jared Harris, Victoria Hamilton, Eileen Atkins, Jeremy Northam, Alex Jennings, Ben Miles, Pip Torrens, Will Keen, Harry Hadden-Paton, Daniel Ings, Greg Wise, Harriet Walter, Lia Williams, Matthew Goode, Anton Lesser","United Kingdom, United States",2019," November 17, 2019",TV-MA,"British TV Shows, International TV Shows, TV Dramas"
191,BoJack Horseman,TV Show,,"Will Arnett, Aaron Paul, Amy Sedaris, Alison Brie, Paul F. Tompkins",United States,2019," October 25, 2019",TV-MA,TV Comedies
192,Making a Murderer,TV Show,,,United States,2018," October 19, 2018",TV-14,"Crime TV Shows, Docuseries"
193,"Love, Death & Robots",TV Show,,"Topher Grace, Mary Elizabeth Winstead, Gary Cole, Samira Wiley, Daisuke Tsuji, Maurice LaMarche, Rebecca Riedy, Helen Sadler, Hayley McLaughlin, Time Winters, Elly Condron, Stefan Kapicic, Bruce Thomas, Jeff Berg, Aaron Himelstein, Carlos Alazraqui, Jill Talley, Brian Bloom, Chris Cox, Michael Benyaer, Fred Tatasciore, Scott Whyte, Josh Brener, Gary Anthony Williams, Chris Parnell, Graham Hamilton, Adam Bartley, Kevin Michael Richardson, Emma Thornett, Henry Douthwaite, Madeleine Knight, Rebecca Banatvala, Kirk Thornton, Yuri Lowenthal, Elaine Tan, Matthew Yang King, Gwendoline Yeo, Neil Kaplan, G.K. Bowes, Courtenay Taylor",United States,2019,"March 15, 2019",TV-MA,"TV Action & Adventure, TV Horror, TV Sci-Fi & Fantasy"
194,Anne with an E,TV Show,,"Amybeth McNulty, Geraldine James, R.H. Thomson, Corrine Koslo, Dalila Bela, Lucas Jade Zumann, Aymeric Jett Montaz",Canada,2018," January 3, 2020",TV-PG,"International TV Shows, TV Dramas"
195,Chef's Table,TV Show,,,United States,2019," February 22, 2019",TV-MA,"Docuseries, Reality TV"
196,Formula 1: Drive to Survive,TV Show,,,United Kingdom,2019,"March 8, 2019",TV-MA,Docuseries
197,Unbelievable,TV Show,,"Toni Collette, Merritt Wever, Kaitlyn Dever, Dale Dickey, Scott Lawrence, Danielle Macdonald, Austin Hébert, Eric Lange, Elizabeth Marvel",United States,2019,"September 13, 2019",TV-MA,"Crime TV Shows, TV Dramas"
198,The Mechanism,TV Show,,"Selton Mello, Caroline Abras, Enrique Diaz, Antonio Saboia, Lee Taylor, Otto Jr., Leonardo Medeiros, Osvaldo Mil, Jonathan Haagensen, Giulio Lopes, Susana Ribeiro",Brazil,2019," May 10, 2019",TV-MA,"Crime TV Shows, International TV Shows, TV Dramas"
199,The Dark Crystal: Age of Resistance,TV Show,,"Taron Egerton, Nathalie Emmanuel, Anya Taylor-Joy, Donna Kimball, Mark Hamill, Simon Pegg, Helena Bonham Carter, Lena Headey, Alicia Vikander, Awkwafina, Gugu Mbatha-Raw, Benedict Wong, Caitriona Balfe, Natalie Dormer, Harvey Fierstein, Andy Samberg, Ralph Ineson, Jason Isaacs, Eddie Izzard, Theo James, Hannah John-Kamen, Toby Jones, Keegan-Michael Key, Mark Strong, Sigourney Weaver, Ólafur Darri Ólafsson","United Kingdom, United States",2019,"August 30, 2019",TV-PG,"TV Action & Adventure, TV Dramas, TV Sci-Fi & Fantasy"
200,Last Chance U,TV Show,,"John Franklin III, DJ Law, Buddy Stephens, Brittany Wagner, Ronald Ollie",United States,2019," July 19, 2019",TV-MA,Docuseries
201,After Life,TV Show,,"Ricky Gervais, Tom Basden, Tony Way, Diane Morgan, Mandeep Dhillon, David Bradley, Ashley Jensen, Kerry Godliman",United Kingdom,2019,"March 8, 2019",TV-MA,"British TV Shows, International TV Shows, TV Comedies"
202,Narcos: Mexico,TV Show,,"Michael Peña, Diego Luna, Tenoch Huerta, Joaquin Cosio, José María Yazpik, Matt Letscher, Alyssa Diaz","Mexico, United States",2018,"November 16, 2018",TV-MA,"Crime TV Shows, TV Action & Adventure, TV Dramas"
203,Trailer Park Boys,TV Show,,"Mike Smith, John Paul Tremblay, Robb Wells, John Dunsworth, Patrick Roach, Cory Bowles, Lucy Decoutere, Barrie Dunn, Sarah Dunsworth, Jeanna Harrison, Michael Jackson, Garry James, Tyrone Parsons, Shelley Thompson, Jonathan Torrens",Canada,2018," March 30, 2018",TV-MA,"Classic & Cult TV, Crime TV Shows, International TV Shows"
204,The Dragon Prince,TV Show,,"Jack De Sena, Paula Burrows, Sasha Rojen, Jason Simpson, Racquel Belmonte, Jesse Inocalla, Luc Roderique, Jonathan Holmes, Adrian Petriw","United States, Canada",2019," November 22, 2019",TV-Y7-FV,"Kids' TV, TV Action & Adventure, TV Sci-Fi & Fantasy"
205,The Witcher,TV Show,,"Henry Cavill, Anya Chalotra, Freya Allan, Jodhi May, MyAnna Buring, Joey Batey, Eamon Farren, Mimi Ndiweni, Björn Hlynur Haraldsson, Adam Levy, Lars Mikkelsen, Royce Pierreson, Wilson Radjou-Pujalte, Anna Shaffer","Poland, United States",2019,"December 20, 2019",TV-MA,"TV Action & Adventure, TV Dramas, TV Mysteries"
206,Sense8,TV Show,,"Tuppence Middleton, Brian J. Smith, Doona Bae, Max Riemelt, Naveen Andrews, Daryl Hannah, Freema Agyeman, Terrence Mann, Adam Shapiro, Max Mauff, Alfonso Herrera, Eréndira Ibarra, Aml Ameen, Jamie Clayton, Tina Desae, Miguel Ángel Silvestre, Toby Onwumere, Joe Pantoliano",United States,2018," December 23, 2016",TV-MA,"TV Dramas, TV Mysteries, TV Sci-Fi & Fantasy"
207,Ozark,TV Show,,"Jason Bateman, Sofia Hublitz, Laura Linney, Skylar Gaertner, Jason Butler Harner, Esai Morales, Peter Mullan, Lisa Emery",United States,2018," August 31, 2018",TV-MA,"Crime TV Shows, TV Dramas, TV Thrillers"
208,Sex Education,TV Show,,"Asa Butterfield, Gillian Anderson, Ncuti Gatwa, Emma Mackey, Connor Swindells, Kedar Williams-Stirling, Alistair Petrie","United States, United Kingdom",2019,"January 11, 2019",TV-MA,"British TV Shows, International TV Shows, TV Comedies"
209,Master of None,TV Show,,"Aziz Ansari, Noël Wells, Eric Wareheim, Lena Waithe, Kelvin Yu, Fatima Ansari, Shoukath Ansari, Alessandra Mastronardi, Bobby Cannavale",United States,2017," May 12, 2017",TV-MA,TV Comedies
210,The Last Kingdom,TV Show,,"Alexander Dreymon, Emily Cox, David Dawson, Ian Hart, Rune Temte, Matthew Macfadyen, Rutger Hauer, Tobias Santelmann, Peter Gantzler, Adrian Bower, Joseph Millson, Henning Valin Jakobsen, Alexandre Willaume, Thomas W. Gabrielsson",United Kingdom,2018," November 19, 2018",TV-MA,"British TV Shows, International TV Shows, TV Action & Adventure"
211,Atypical,TV Show,,"Jennifer Jason Leigh, Keir Gilchrist, Michael Rapaport, Brigette Lundy-Paine, Amy Okuda, Jenna Boyd, Graham Rogers, Nik Dodani",United States,2019," November 1, 2019",TV-MA,"TV Comedies, TV Dramas, Teen TV Shows"
212,Godless,TV Show,,"Jeff Daniels, Michelle Dockery, Jack O'Connell, Scoot McNairy, Merritt Wever, Thomas Brodie-Sangster, Sam Waterston, Tantoo Cardinal",United States,2017,"November 22, 2017",TV-MA,TV Dramas
213,Grace and Frankie,TV Show,,"Jane Fonda, Lily Tomlin, Martin Sheen, Sam Waterston, June Diane Raphael, Brooklyn Decker, Ethan Embry, Baron Vaughn",United States,2019," January 15, 2020",TV-MA,"TV Comedies, TV Dramas"
214,Longmire,TV Show,,"Robert Taylor, Katee Sackhoff, Lou Diamond Phillips, Bailey Chase, Cassidy Freeman, Adam Bartley, Louanne Stephens",United States,2017," November 17, 2017",TV-14,"Crime TV Shows, TV Dramas"
215,The Get Down,TV Show,,"Justice Smith, Shameik Moore, Herizen Guardiola, Skylan Brooks, Tremaine Brown,  Jr., Yahya Abdul-Mateen II, Jimmy Smits, Giancarlo Esposito, Kevin Corrigan, Stefanee Martin, Shyrley Rodriguez, Eric Bogosian, Michel Gill, Mamoudou Athie",United States,2017," April 7, 2017",TV-MA,TV Dramas
216,Kingdom,TV Show,Kim Seong-hun,"Ju Ji-hoon, Ryu Seung-ryong, Bae Doona, Kim Sang-ho, Kim Sung-kyu, Jeon Seok-ho, Kim Hye-jun, Heo Jun-ho, Jung Suk-won, Kim Jong-soo","South Korea, United States",2019,"January 25, 2019",TV-MA,"International TV Shows, Korean TV Shows, TV Action & Adventure"
217,Lucifer,TV Show,,"Tom Ellis, Lauren German, Kevin Alejandro, D.B. Woodside, Lesley-Ann Brandt, Scarlett Estevez, Rachael Harris, Aimee Garcia, Tricia Helfer, Tom Welling, Jeremiah W. Birkett, Pej Vahdat, Michael Gladis",United States,2019," May 8, 2019",TV-14,"Crime TV Shows, TV Comedies, TV Dramas"
218,Castlevania,TV Show,,"Richard Armitage, James Callis, Graham McTavish, Alejandra Reynoso, Tony Amendola, Matt Frewer, Emily Swallow",United States,2018," October 26, 2018",TV-MA,"Anime Series, TV Horror, TV Thrillers"
219,American Vandal,TV Show,,"Tyler Alvarez, Griffin Gluck, Jimmy Tatro, Camille Hyde, Lou Wilson, Eduardo Franco, Jessica Juarez, Camille Ramsey, Calum Worthy, G. Hannelius, Karly Rothenberg",United States,2018," September 14, 2018",TV-MA,"Crime TV Shows, TV Comedies, Teen TV Shows"
220,Wild Wild Country,TV Show,,,United States,2018,"March 16, 2018",TV-MA,"Crime TV Shows, Docuseries"
221,The Kominsky Method,TV Show,,"Michael Douglas, Alan Arkin, Sarah Baker, Nancy Travis, Susan Sullivan, Lisa Edelstein, Emily Osment, Graham Rogers, Jenna Lyng Adams, Ashleigh LaThrop, Melissa Tang, Casey Thomas Brown, Ann-Margret, Danny DeVito",United States,2019," October 25, 2019",TV-MA,"TV Comedies, TV Dramas"
222,One Day at a Time,TV Show,,"Justina Machado, Rita Moreno, Todd Grinnell, Isabella Gomez, Marcel Ruiz, Stephen Tobolowsky",United States,2019," February 8, 2019",TV-PG,TV Comedies
223,Orange Is the New Black,TV Show,,"Taylor Schilling, Kate Mulgrew, Laura Prepon, Jason Biggs, Natasha Lyonne, Michael Harney, Uzo Aduba, Danielle Brooks, Samira Wiley, Dascha Polanco, Selenis Leyva, Nick Sandow, Yael Stone, Taryn Manning, Lea DeLaria, Matt McGorry, Emma Myles, Vicky Jeudy, Laverne Cox, Pablo Schreiber, Lori Petty, Ruby Rose, Adrienne C. Moore, Jackie Cruz, Elizabeth Rodriguez",United States,2019," July 26, 2019",TV-MA,"TV Comedies, TV Dramas"
224,Altered Carbon,TV Show,,"Joel Kinnaman, James Purefoy, Martha Higareda, Renée Elise Goldsberry, Dichen Lachman, Will Yun Lee, Kristin Lehman, Chris Conner, Ato Essandoh, Tamara Taylor, Byron Mann",United States,2018,"February 2, 2018",TV-MA,"Crime TV Shows, TV Action & Adventure, TV Dramas"
225,The End of the F***ing World,TV Show,,"Jessica Barden, Alex Lawther, Steve Oram, Christine Bottomley, Navin Chowdhry, Wunmi Mosaku, Gemma Whelan, Jonathan Aris, Eileen Davies",United Kingdom,2019," November 5, 2019",TV-MA,"British TV Shows, International TV Shows, TV Comedies"
226,Travelers,TV Show,,"Eric McCormack, MacKenzie Porter, Nesta Cooper, Jared Paul Abrahamson, Reilly Dolman, Patrick Gilmore","Canada, United States",2018," December 14, 2018",TV-MA,"Crime TV Shows, International TV Shows, TV Dramas"
227,Dead to Me,TV Show,,"Christina Applegate, Linda Cardellini, James Marsden, Max Jenkins, Sam McCarthy, Luke Roessler, Edward Asner",United States,2019,"May 3, 2019",TV-MA,"TV Comedies, TV Dramas"
228,Don't F**k with Cats: Hunting an Internet Killer,TV Show,Mark Lewis,,"United Kingdom, United States",2019,"December 18, 2019",TV-MA,"Crime TV Shows, Docuseries"
229,The Keepers,TV Show,,,United States,2017,"May 19, 2017",TV-MA,"Crime TV Shows, Docuseries, TV Mysteries"
230,Lovesick,TV Show,,"Kongyingyong Chonlathorn, Phumphothingam Nawat, Luangsodsai Anupart, Nuchanart Veerakaarn, Chindavanich Primrose, Charnmanoon Pannin, Nungira Hanwutinanon, Ausavaterakul Ausavapat, Sirikiet Saejea, Nontapan Chuenwarin",,2014,"September 3, 2018",TV-14,"International TV Shows, Romantic TV Shows, TV Dramas"
231,Lovesick,TV Show,,"Johnny Flynn, Antonia Thomas, Daniel Ings, Hannah Britland, Joshua McGuire, Richard Thomson, Jessica Ellerby",United Kingdom,2018," January 1, 2018",TV-MA,"British TV Shows, International TV Shows, Romantic TV Shows"
232,Comedians in Cars Getting Coffee,TV Show,Jerry Seinfeld,Jerry Seinfeld,United States,2019," July 19, 2019",TV-14,"Stand-Up Comedy & Talk Shows, TV Comedies"
233,On My Block,TV Show,,"Sierra Capri, Jason Genao, Brett Gray, Diego Tinoco, Julio Macias, Jessica Marie Garcia, Ronni Hawk, Peggy Ann Blow, Paula Garcés, Danny Ramirez",United States,2019," March 29, 2019",TV-14,"Romantic TV Shows, TV Comedies, TV Dramas"
234,Voltron: Legendary Defender,TV Show,,"Jeremy Shada, Tyler Labine, Bex Taylor-Klaus, Josh Keaton, Steven Yeun, Kimberly Brooks, Rhys Darby, A.J. LoCascio",United States,2018," December 14, 2018",TV-Y7-FV,Kids' TV
235,Dirty Money,TV Show,,,United States,2018,"January 26, 2018",TV-14,"Crime TV Shows, Docuseries"
236,The Umbrella Academy,TV Show,,,United States,2019,"February 15, 2019",TV-14,"TV Action & Adventure, TV Mysteries, TV Sci-Fi & Fantasy"
237,Marco Polo,TV Show,,"Lorenzo Richelmy, Benedict Wong, Chin Han, Joan Chen, Michelle Yeoh, Rick Yune, Claudia Kim, Remy Hii, Zhu Zhu, Tom Wu, Mahesh Jadu, Olivia Cheng, Uli Latukefu, Pierfrancesco Favino, Jacqueline Chan, Leonard Wu, Gabriel Byrne",United States,2016," July 1, 2016",TV-MA,"TV Action & Adventure, TV Dramas"
238,Big Mouth,TV Show,,"Nick Kroll, John Mulaney, Jessi Klein, Jason Mantzoukas, Jenny Slate, Fred Armisen, Maya Rudolph, Jordan Peele",United States,2019," February 8, 2019",TV-MA,TV Comedies
239,Bloodline,TV Show,,"Kyle Chandler, Ben Mendelsohn, Sissy Spacek, Linda Cardellini, Norbert Leo Butz, Jacinda Barrett, Jamie McShane, John Leguizamo, Enrique Murciano, Sam Shepard, Chloë Sevigny, Andrea Riseborough, Beau Bridges, Taylor Rouviere, Owen Teague, Brandon Larracuente",United States,2017," May 26, 2017",TV-MA,"TV Dramas, TV Mysteries, TV Thrillers"
240,GLOW,TV Show,,"Alison Brie, Betty Gilpin, Marc Maron, Britney Young, Sydelle Noel, Gayle Rankin, Sunita Mani, Kimmy Gatewood, Rebekka Johnson, Jackie Tohn, Ellen Wong, Kate Nash, Britt Baron, Kia Stevens, Chris Lowell, Alex Rich",United States,2019," August 9, 2019",TV-MA,"TV Comedies, TV Dramas"
241,Lilyhammer,TV Show,,"Steven Van Zandt, Trond Fausa, Steinar Sagen, Robert Skjærstad, Tommy Karlsen, Fridtjov Såheim, Marian Saastad Ottesen","Norway, United States",2014," November 21, 2014",TV-MA,"Crime TV Shows, TV Comedies, TV Dramas"
242,Suburra: Blood on Rome,TV Show,,"Alessandro Borghi, Giacomo Ferrara, Eduardo Valdarnini, Francesco Acquaroli, Filippo Nigro, Claudia Gerini, Adamo Dionisi, Barbara Chichiarelli, Federico Tocci, Gerasimos Skiadaresis, Elisabetta De Palo, Carlotta Antonelli, Renato Marchetti, Paola Sotgiu",Italy,2019," February 22, 2019",TV-MA,"Crime TV Shows, International TV Shows, TV Dramas"
243,Inside Bill's Brain: Decoding Bill Gates,TV Show,,Bill Gates,United States,2019,"September 20, 2019",TV-14,"Docuseries, Science & Nature TV"
244,The OA,TV Show,,"Brit Marling, Jason Isaacs, Emory Cohen, Scott Wilson, Phyllis Smith, Alice Krige, Patrick Gibson, Brendan Meyer, Brandon Perea, Ian Alexander, Will Brill, Riz Ahmed, Paz Vega",United States,2019," March 22, 2019",TV-MA,"TV Dramas, TV Mysteries, TV Sci-Fi & Fantasy"
245,Russian Doll,TV Show,,"Natasha Lyonne, Charlie Barnett, Yul Vazquez, Elizabeth Ashley, Dascha Polanco, Jeremy Bobb, Greta Lee, Rebecca Henderson, Brendan Sexton III, Chloë Sevigny, Brooke Timber",United States,2019,"February 1, 2019",TV-MA,"TV Comedies, TV Dramas"
246,The Spy,TV Show,,"Sacha Baron Cohen, Noah Emmerich, Hadar Ratzon Rotem, Alexander Siddig, Waleed Zuaiter, Nassim Lyes",France,2019,"September 6, 2019",TV-MA,"International TV Shows, TV Dramas, TV Thrillers"
247,The Staircase,TV Show,,,France,2018,"June 8, 2018",TV-MA,"Crime TV Shows, Docuseries, TV Mysteries"
248,How to Sell Drugs Online (Fast),TV Show,,"Maximilian Mundt, Danilo Kamperidis, Lena Klenke, Damian Hardung, Leonie Wesselow, Luna Schaller, Bjarne Mädel, Roland Riebeling",Germany,2019,"May 31, 2019",TV-MA,"Crime TV Shows, International TV Shows, TV Comedies"
249,Undercover,TV Show,,"Tom Waes, Anna Drijver, Frank Lammers, Elise Schaap, Raymond Thiry, Kris Cuppens, Kevin Janssens, Huub Smit","Belgium, Netherlands",2019,"May 3, 2019",TV-MA,"Crime TV Shows, International TV Shows, TV Dramas"
250,13 Reasons Why,TV Show,,"Dylan Minnette, Katherine Langford, Kate Walsh, Derek Luke, Brian d'Arcy James, Alisha Boe, Christian Navarro, Miles Heizer, Ross Butler, Devin Druid, Michele Selene Ang, Steven Silver, Amy Hargreaves",United States,2019," August 23, 2019",TV-MA,"Crime TV Shows, TV Dramas, TV Mysteries"
251,You,TV Show,Lee Toland Krieger,"Penn Badgley, Elizabeth Lail, Shay Mitchell, John Stamos, Luca Padovan, Zach Cherry",United States,2018,"December 26, 2018",TV-MA,"Crime TV Shows, Romantic TV Shows, TV Dramas"
252,Maniac,TV Show,,"Emma Stone, Jonah Hill, Justin Theroux, Sally Field, Gabriel Byrne, Sonoya Mizuno, Julia Garner, Billy Magnussen, Jemima Kirke",United States,2018,"September 21, 2018",TV-MA,"TV Comedies, TV Dramas, TV Mysteries"
253,Maniac,TV Show,,"Espen Petrus Andersen Lervaag, Håkon Bast Mossige, Arif Salum, Ingeborg Raustøl, Marte Germaine Christensen, Mats Mogeland",Norway,2015,"September 1, 2017",TV-MA,"International TV Shows, TV Comedies, TV Dramas"
254,Santa Clarita Diet,TV Show,,"Drew Barrymore, Timothy Olyphant, Liv Hewson, Skyler Gisondo",United States,2019," March 29, 2019",TV-MA,"TV Comedies, TV Horror, TV Thrillers"
255,A Series of Unfortunate Events,TV Show,,"Neil Patrick Harris, Patrick Warburton, Malina Weissman, Louis Hynes, K. Todd Freeman, Joan Cusack, Aasif Mandvi",United States,2019," January 1, 2019",TV-PG,"Kids' TV, TV Action & Adventure, TV Comedies"
256,Alias Grace,TV Show,,"Sarah Gadon, Edward Holcroft, Paul Gross, Anna Paquin, Rebecca Liddiard, Zachary Levi, Kerr Logan, David Cronenberg",Canada,2017,"November 3, 2017",TV-MA,"Crime TV Shows, International TV Shows, TV Dramas"
257,Conversations with a Killer: The Ted Bundy Tapes,TV Show,,,United States,2019,"January 24, 2019",TV-MA,"Crime TV Shows, Docuseries"
258,El Chapo,TV Show,,"Marco de la O, Humberto Busto, Alejandro Aguilar, Rodrigo Abed, Luis Fernando Peña, Juan Carlos Olivas, Rolf Petersen, Carlos Hernan Romo, Héctor Holten, Diego Vásquez, Teté Espinoza, Luis Rábago, Dolores Heredia, Cristina Michaus, Valentina Acosta, Juliette Pardau, Abril Schreiber",United States,2018," July 27, 2018",TV-MA,"Crime TV Shows, Spanish-Language TV Shows, TV Action & Adventure"
259,Love,Movie,Gaspar Noé,"Karl Glusman, Klara Kristin, Aomi Muyock, Ugo Fox, Juan Saavedra, Gaspar Noé, Isabelle Nicou, Benoît Debie, Vincent Maraval, Déborah Révy","France, Belgium",2015,"September 8, 2017",NR,"Cult Movies, Dramas, Independent Movies"
260,Love,Movie,"Kabir Bhatia, Titien Wattimena","Acha Septriasa, Darius Sinathrya, Fauzi Baadila, Irwansyah, Laudya Cynthia Bella, Luna Maya, Sophan Sophiaan, Surya Saputra, Widyawati, Wulan Guritno",Indonesia,2008,"November 30, 2018",TV-PG,"Dramas, International Movies, Romantic Movies"
261,Love,TV Show,,"Gillian Jacobs, Paul Rust, Claudia O'Doherty",United States,2018," March 9, 2018",TV-MA,"Romantic TV Shows, TV Comedies, TV Dramas"
262,Messiah,TV Show,,"Michelle Monaghan, Mehdi Dehbi, John Ortiz, Tomer Sisley, Melinda Page Hamilton, Stefania LaVie Owen, Sayyid El Alami, Jane Adams, Wil Traval, Fares Landoulsi",United States,2020,"January 1, 2020",TV-MA,"TV Dramas, TV Thrillers"
263,Gilmore Girls: A Year in the Life,TV Show,,"Lauren Graham, Alexis Bledel, Kelly Bishop, Scott Patterson, Yanic Truesdale, Matt Czuchry, Liza Weil, Milo Ventimiglia, Sean Gunn, Keiko Agena, Rose Abdoo, Melissa McCarthy",United States,2016,"November 25, 2016",TV-14,"TV Comedies, TV Dramas, Teen TV Shows"
264,Seven Seconds,TV Show,,"Clare-Hope Ashitey, Regina King, Beau Knapp, Michael Mosley, David Lyons, Russell Hornsby, Raúl Castillo, Patrick Murney",United States,2018,"February 23, 2018",TV-MA,"Crime TV Shows, TV Dramas"
265,Cable Girls,TV Show,,"Blanca Suárez, Nadia de Santiago, Ana Fernández, Maggie Civantos, Ana Polvorosa, Yon González, Martiño Rivas, Nico Romero, Borja Luna, Sergio Mur, Concha Velasco, Antonio Velázquez, Ernesto Alterio, Ira del Río, Angela Cremonte, Andrea Carballo",Spain,2019," August 9, 2019",TV-MA,"International TV Shows, Romantic TV Shows, Spanish-Language TV Shows"
266,Spinning Out,TV Show,,"Kaya Scodelario, January Jones, Will Kemp, Willow Shields, Evan Roderick, David James Elliott, Sarah Wright Olsen, Svetlana Efremova, Amanda Zhou, Mitchell Edwards, Kaitlyn Leeb, Johnny Weir",,2020,"January 1, 2020",TV-MA,TV Dramas
267,Damnation,TV Show,,"Logan Marshall-Green, Killian Scott, Sarah Jones, Chasten Harmon, Christopher Heyerdahl, Melinda Page Hamilton, Joe Adler",United States,2017,"November 7, 2018",TV-14,"Crime TV Shows, TV Dramas"
268,Designated Survivor,TV Show,,"Kiefer Sutherland, Natascha McElhone, Maggie Q, Kal Penn, Adan Canto, Italia Ricci, LaMonica Garrett, Tanner Buchanan, Ben Lawson, Paulo Costanzo, Zoe McLellan",United States,2019," June 7, 2019",TV-14,"Crime TV Shows, TV Dramas, TV Thrillers"
269,Chilling Adventures of Sabrina,TV Show,,"Kiernan Shipka, Ross Lynch, Miranda Otto, Lucy Davis, Chance Perdomo, Michelle Gomez, Richard Coyle, Jaz Sinclair, Lachlan Watson, Tati Gabrielle, Adeline Rudolph, Abigail Cowen, Gavin Leatherwood, Bronson Pinchot",United States,2019," April 5, 2019",TV-14,"TV Horror, TV Mysteries, TV Sci-Fi & Fantasy"
270,Unbreakable Kimmy Schmidt,TV Show,,"Ellie Kemper, Jane Krakowski, Tituss Burgess, Carol Kane",United States,2019," May 30, 2018",TV-14,TV Comedies
271,Elite,TV Show,,"Danna Paola, Miguel Herrán, María Pedraza, Itzan Escamilla, Miguel Bernardeau, Jaime Lorente, Álvaro Rico, Arón Piper, Mina El Hammani, Ester Expósito, Omar Ayuso",Spain,2019," September 6, 2019",TV-MA,"Crime TV Shows, International TV Shows, Spanish-Language TV Shows"
272,The Politician,TV Show,,"Ben Platt, Gwyneth Paltrow, Jessica Lange, Zoey Deutch, Lucy Boynton, Bob Balaban, David Corenswet, Julia Schlaepfer, Laura Dreyfuss, Theo Germaine, Rahne Jones, Benjamin Barrett",United States,2019,"September 27, 2019",TV-14,"TV Comedies, TV Dramas, Teen TV Shows"
273,The Devil Next Door,TV Show,,,United States,2019,"November 4, 2019",TV-MA,"Crime TV Shows, Docuseries"
274,The Ranch,TV Show,,"Ashton Kutcher, Sam Elliott, Debra Winger, Elisha Cuthbert, Kelli Goss, Wilmer Valderrama, Danny Masterson",United States,2019," September 13, 2019",TV-MA,TV Comedies
275,Quicksand,TV Show,,"Hanna Ardéhn, Felix Sandman, William Spetz, Ella Rappich, David Dencik, Reuben Sallmander, Maria Sundbom, Rebecka Hemse, Arvid Sand, Helena af Sandeberg, Anna Björk",Sweden,2019,"April 5, 2019",TV-MA,"Crime TV Shows, International TV Shows, TV Dramas"
276,Everything Sucks!,TV Show,,"Jahi Di'Allo Winston, Peyton Kennedy, Patch Darragh, Claudine Mboligikpelani Nako, Rio Mangini, Quinn Liebling, Sydney Sweeney, Elijah Stevenson, Zachary Ray Sherman, Abi Brittle",United States,2018,"February 16, 2018",TV-14,"TV Comedies, TV Dramas, Teen TV Shows"
277,Marianne,TV Show,,"Victoire Du Bois, Lucie Boujenah, Tiphaine Daviot, Ralph Amoussou, Bellamine Abdelmalek, Mehdi Meskar, Alban Lenoir, Mireille Herbstmeyer, Corinne Valancogne, Patrick d'Assumçao, Pierre Aussedat",France,2019,"September 13, 2019",TV-MA,"International TV Shows, TV Dramas, TV Horror"
278,Dogs of Berlin,TV Show,,"Felix Kramer, Fahri Yardim, Anna Maria Mühe, Katharina Schüttler, Alina Stiegler, Urs Rechn, Sinan Farhangmehr, Kais Setti, Mohamed Issa, Hauke Diekamp, David Bennent, Deniz Orta, Katrin Saß, Sebastian Zimmler",Germany,2018,"December 7, 2018",TV-MA,"Crime TV Shows, International TV Shows, TV Dramas"
279,Virgin River,TV Show,,"Alexandra Breckenridge, Martin Henderson, Tim Matheson, Annette O'Toole, Colin Lawrence, Jenny Cooper, Lauren Hammersley",United States,2019,"December 6, 2019",TV-14,"Romantic TV Shows, TV Dramas"
280,3%,TV Show,,"João Miguel, Bianca Comparato, Michel Gomes, Rodolfo Valente, Vaneza Oliveira, Rafael Lozano, Viviane Porto, Mel Fronckowiak, Sergio Mamberti, Zezé Motta, Celso Frateschi",Brazil,2019," June 7, 2019",TV-MA,"International TV Shows, TV Dramas, TV Sci-Fi & Fantasy"
281,Glitch,TV Show,,"Patrick Brammall, Genevieve O'Reilly, Emma Booth, Emily Barclay, Ned Dennehy, Sean Keenan, Hannah Monson, Aaron L. McGrath, John Leary, Rodger Corser, Andrew McFarlane, Luke Arnold, Rob Collins, Pernilla August",Australia,2019," September 25, 2019",TV-MA,"International TV Shows, TV Dramas, TV Horror"
282,Killer Inside: The Mind of Aaron Hernandez,TV Show,,Aaron Hernandez,United States,2020,"January 15, 2020",TV-MA,"Crime TV Shows, Docuseries"
283,Criminal: UK,TV Show,,"Katherine Kelly, Lee Ingleby, Mark Stanley, Rochenda Sandall, Shubham Saraf, Nicholas Pinnock, David Tennant, Hayley Atwell, Youssef Kerkour, Clare-Hope Ashitey, Isabella Laughland","United Kingdom, France, Germany, Spain",2019,"September 20, 2019",TV-MA,"British TV Shows, Crime TV Shows, International TV Shows"
284,Lost in Space,TV Show,,"Molly Parker, Toby Stephens, Max Jenkins, Taylor Russell, Mina Sundwall, Parker Posey, Ignacio Serricchio",United States,2018,"April 13, 2018",TV-PG,"TV Action & Adventure, TV Dramas, TV Sci-Fi & Fantasy"
285,Safe,TV Show,,"Michael C. Hall, Amanda Abbington, Marc Warren, Hannah Arterton, Audrey Fleurot, Nigel Lindsay",United Kingdom,2018,"February 5, 2019",TV-MA,"British TV Shows, Crime TV Shows, International TV Shows"
286,Living with Yourself,TV Show,,"Paul Rudd, Aisling Bea, Desmin Borges, Zoë Chao, Karen Pittman",United States,2019,"October 18, 2019",TV-MA,"TV Comedies, TV Dramas"
287,Disenchantment,TV Show,,"Abbi Jacobson, Eric André, Nat Faxon, John DiMaggio, Tress MacNeille, Matt Berry, David Herman, Maurice LaMarche, Lucy Montgomery, Billy West",United States,2019," September 20, 2019",TV-14,"TV Action & Adventure, TV Comedies, TV Sci-Fi & Fantasy"
288,Frontier,TV Show,,"Jason Momoa, Landon Liboiron, Alun Armstrong, Jessica Matten, Zoe Boyle, Allan Hawco, Evan Jonigkeit, Katie McGrath",Canada,2018," November 23, 2018",TV-MA,"International TV Shows, TV Action & Adventure, TV Dramas"
289,Flaked,TV Show,,"Will Arnett, David Sullivan, Ruth Kearney, George Basil, Lina Esco, Travis Mills, Robert Wisdom, Mark Boone Junior, Matthew Willig, Heather Graham, Kirstie Alley, Sab Shimono, Christopher Mintz-Plasse, Minerva Garcia, Jeff Daniel Phillips",United States,2017," June 2, 2017",TV-MA,"TV Comedies, TV Dramas"
290,Raising Dion,TV Show,,"Alisha Wainwright, Ja'Siah Young, Jason Ritter, Michael B. Jordan, Jazmyn Simon, Ali Ahn, Sammi Haney",United States,2019,"October 4, 2019",TV-PG,"Kids' TV, TV Action & Adventure, TV Dramas"
291,Hemlock Grove,TV Show,Eli Roth,"Famke Janssen, Landon Liboiron, Dougray Scott, Bill Skarsgård, Joel de la Fuente, Kaniehtiio Horn, Madeleine Martin, Michael Andreae, Penelope Mitchell, Freya Tingley, Laurie Fortier, Nicole Boivin, Ted Dykstra, Lili Taylor, Aaron Douglas, Kandyse McClure, Marty Adams, Demore Barnes, Madeline Brewer",United States,2015," October 23, 2015",TV-MA,"TV Horror, TV Mysteries, TV Thrillers"
292,Perfume,TV Show,,"Friederike Becht, August Diehl, Wotan Wilke Möhring, Natalia Belitski, Ken Duken, Trystan Pütter, Christian Friedel, Juergen Maurer, Marc Hosemann, Susanne Wuest",Germany,2018,"December 21, 2018",TV-MA,"Crime TV Shows, International TV Shows, TV Dramas"
293,The Society,TV Show,,"Kathryn Newton, Gideon Adlon, Sean Berdy, Natasha Liu Bordizzo, Jacques Colimon, Olivia DeJonge, Alex Fitzalan, Kristine Froseth, José Julián, Alex MacNicoll, Toby Wallace, Rachel Keller",United States,2019,"May 10, 2019",TV-MA,"TV Dramas, Teen TV Shows"
294,Girlboss,TV Show,,"Britt Robertson, Ellie Reed, Johnny Simmons, Alphonso Mcauley",United States,2017,"April 21, 2017",TV-MA,TV Comedies
295,Paradise PD,TV Show,,"Tom Kenny, David Herman, Sarah Chalke, Kyle Kinane, Dana Snyder, Cedric Yarbrough, Grey Griffin, John DiMaggio, Roger Black, Waco O'Guin",United States,2018,"August 31, 2018",TV-MA,TV Comedies
296,Tidelands,TV Show,,"Charlotte Best, Elsa Pataky, Marco Pigossi, Aaron Jakubenko, Mattias Inwood, Dalip Sondhi, Alex Dimitriades, Richard Davies, Caroline Brazier, Peter O'Brien, Madeleine Madden",Australia,2018,"December 14, 2018",TV-MA,"Crime TV Shows, International TV Shows, TV Dramas"
297,The Protector,TV Show,,"Çağatay Ulusoy, Ayça Ayşin Turan, Hazar Ergüçlü, Okan Yalabık, Mehmet Kurtuluş, Yurdaer Okur",Turkey,2019," April 26, 2019",TV-MA,"International TV Shows, Romantic TV Shows, TV Action & Adventure"
298,Gypsy,TV Show,,"Naomi Watts, Billy Crudup, Sophie Cookson, Karl Glusman, Poorna Jagannathan, Brooke Bloom, Lucy Boynton, Melanie Liburd, Brenda Vaccaro, Maren Heary, Blythe Danner","United States, United Kingdom",2017,"June 30, 2017",TV-MA,TV Dramas
299,The Order,TV Show,,"Jake Manley, Sarah Grey, Max Martini, Matt Frewer, Adam DiMarco, Katharine Isabelle, Louriza Tronco, Aaron Hale, Devery Jacobs, Thomas Elms, Dylan Playfair, Ian Tracey, Sam Trammell",United States,2019,"March 7, 2019",TV-MA,"TV Dramas, TV Horror, TV Mysteries"
300,Easy,TV Show,,"Aubrey Plaza, Judy Greer, Jane Adams, Zazie Beetz, Kate Berlant, Aya Cash, Michael Chernus, Kiersey Clemons, Orlando Bloom, Malin Akerman, Marc Maron, Dave Franco, Hannibal Buress, Jake Johnson, Emily Ratajkowski, Andrew Bachelor",United States,2019," May 10, 2019",TV-MA,"TV Comedies, TV Dramas"
301,Dracula,TV Show,,"Claes Bang, Dolly Wells, John Heffernan",United Kingdom,2020,"January 4, 2020",TV-14,"British TV Shows, International TV Shows, TV Dramas"
302,Fuller House,TV Show,,"Candace Cameron Bure, Jodie Sweetin, Andrea Barber, Michael Campion, Elias Harger, Soni Bringas, Dashiell Messitt, Fox Messitt, John Stamos, Bob Saget, Dave Coulier, Lori Loughlin, Scott Weinger, Blake Tuomy-Wilhoit, Dylan Tuomy-Wilhoit, John Brotherton, Juan Pablo Di Pace",United States,2018," December 6, 2019",TV-Y7,TV Comedies
303,Friends from College,TV Show,,"Keegan-Michael Key, Cobie Smulders, Billy Eichner, Fred Savage, Nat Faxon, Annie Parisse, Jae Suh Park",United States,2019," January 11, 2019",TV-MA,"Romantic TV Shows, TV Comedies"
304,Daybreak,TV Show,,"Colin Ford, Alyvia Alyn Lind, Sophie Simnett, Austin Crute, Cody Kearsley, Jeanté Godlock, Gregory Kasyan, Krysta Rodriguez, Matthew Broderick",United States,2019,"October 24, 2019",TV-MA,"TV Action & Adventure, TV Comedies, TV Horror"
305,Collateral,TV Show,,"Carey Mulligan, John Simm, Nicola Walker, Billie Piper, Nathaniel Martello-White, Jeany Spark, Hayley Squires, Ben Miles, Saskia Reeves, Ahd","United Kingdom, United States",2018,"March 9, 2018",TV-MA,"British TV Shows, Crime TV Shows, International TV Shows"
306,Disjointed,TV Show,,"Kathy Bates, Aaron Moten, Tone Bell, Dougie Baldwin, Elizabeth Ho, Elizabeth Alderfer, Chris Redd, Betsy Sodaro, Nicole Sullivan, Michael Trucco",United States,2018," January 12, 2018",TV-MA,TV Comedies
307,The Disappearance of Madeleine McCann,TV Show,,,,2019,"March 15, 2019",TV-14,"Crime TV Shows, Docuseries"
308,Insatiable,TV Show,,"Dallas Roberts, Debby Ryan, Alyssa Milano, Christopher Gorham, Kimmy Shields, Michael Provost, Erinn Westbrook, Daniel Kang, Arden Myrin",United States,2019," October 11, 2019",TV-MA,"TV Comedies, TV Dramas, Teen TV Shows"
309,Wu Assassins,TV Show,,"Iko Uwais, Katheryn Winnick, Byron Mann, Tommy Flanagan, Li Jun Li, Celia Au, Lewis Tan, Lawrence Kao, Juju Chan, Tzi Ma, Cranston Johnson, Mark Dacascos, Kevin Durand, Jeff Fahey, Summer Glau",United States,2019,"August 8, 2019",TV-MA,"TV Action & Adventure, TV Sci-Fi & Fantasy"
310,Chambers,TV Show,,"Sivan Alyra Rose, Uma Thurman, Tony Goldwyn, Marcus LaVoi, Nicholas Galitzine, Kyanna Simone Simpson, Griffin Powell-Arcand, Lilli Kay, Sarah Mezzanotte, Lilliya Scarlett Reid",United States,2019,"April 26, 2019",TV-MA,"TV Horror, TV Mysteries, Teen TV Shows"
311,The Rain,TV Show,,"Alba August, Lucas Lynggaard Tønnesen, Mikkel Boe Følsgaard, Lukas Løkken, Jessica Dinnage, Sonny Lindberg, Angela Bundalovic, Lars Simonsen","Denmark, United States",2019," May 17, 2019",TV-MA,"International TV Shows, TV Dramas, TV Mysteries"
312,Black Summer,TV Show,,"Jaime King, Justin Chu Cary, Christine Lee, Sal Velez Jr., Kelsey Flower, Erika Hau, Edsson Morales, Gwynyth Walsh, Stafford Perry, Mustafa Alabssi","Canada, United States",2019,"April 11, 2019",TV-MA,"TV Action & Adventure, TV Dramas, TV Horror"
313,Dear White People,TV Show,,"Logan Browning, Brandon P. Bell, DeRon Horton, Antoinette Robertson, John Patrick Amedori, Ashley Blaine Featherson, Marque Richardson, Giancarlo Esposito",United States,2019," August 2, 2019",TV-MA,"TV Comedies, TV Dramas"
314,Between,TV Show,,"Jennette McCurdy, Jesse Carere, Ryan Allen, Justin Kelly, Kyle Mac, Jack Murray, Brooke Palsson, Jim Watson, Wesley Morgan, Krystal Hope Nausbaum, Shailene Garnett, Canute Gomes, Sarah Podemski, Shailyn Pierre-Dixon, Jesse Bostick, Steven Grayhm, Percy Hynes White, Mercedes Morris, Samantha Munro",Canada,2016," July 1, 2016",TV-14,"International TV Shows, TV Dramas, TV Mysteries"
315,Another Life,TV Show,,"Katee Sackhoff, Justin Chatwin, Samuel Anderson, Blu Hunt, AJ Rivera, Jake Abel, Alex Ozerov, Alexander Eling, Lina Renna, Selma Blair",United States,2019,"July 25, 2019",TV-MA,"TV Action & Adventure, TV Dramas, TV Mysteries"
316,The I-Land,TV Show,,"Natalie Martinez, Kate Bosworth, Ronald Peet, Kyle Schmid, Alex Pettyfer, Sibylla Deen, Gilles Geary, Anthony Lee Medina, Kota Eberhardt, Michelle Veintimilla, Bruce McGill",United States,2019,"September 12, 2019",TV-MA,"TV Action & Adventure, TV Dramas, TV Sci-Fi & Fantasy"
317,Bill Nye Saves the World,TV Show,,"Bill Nye, Karlie Kloss, Derek Muller, Emily Calandrelli, Nazeem Hussain, Joanna Hausmann",United States,2018," May 11, 2018",TV-14,Stand-Up Comedy & Talk Shows
